Date,02T,05T,10T,11T,12T,59T,61T,03T,50T,52T,53T,54T,08T,16T,17T,18T,19T,13T,22T,14T,27T,20T,81T,21T,24T,25T,26T,79T,84T,85T,46T,47T,72T(????),72T(????),82T,83T,88T,90T,91T,28T,29T,30T,31T,74T,32T,33T,34T,60T,71T,77T,87T,35T,36T,37T,38T,39T,40T,41T,57T,73T,58T,67T,75T,68T,69T,70T,76T,86T,92T,42T,43T,44T,62T,63T,78T,80T,89T,93T
1/1/2021,44,35,41,37,47,34,42,52,47,49,50,46,48,33,34,68,41,37,32,46,60,31,41,66,45,60,55,36,30,35,57,35,33,n/a,48,26,33,n/a,n/a,41,37,31,36,32,38,38,30,44,23,39,42,49,34,49,29,27,47,45,26,36,39,44,31,24,42,38,55,57,n/a,35,38,41,33,28,17,72,33,n/a
1/2/2021,49,42,48,40,50,38,49,59,54,54,58,52,54,39,39,75,48,42,33,49,64,34,52,66,42,62,57,41,34,40,66,38,37,n/a,86,39,40,n/a,n/a,46,36,33,36,29,43,40,34,44,26,38,42,49,36,62,45,30,53,57,31,43,34,51,39,30,43,47,50,68,n/a,35,40,35,30,31,16,47,31,n/a
1/3/2021,67,57,63,55,66,52,62,70,67,68,73,74,69,59,51,97,59,56,40,66,79,44,76,78,56,80,76,50,52,65,82,53,43,n/a,108,38,35,n/a,n/a,57,55,49,47,44,53,47,47,60,32,52,47,57,44,72,40,34,64,84,39,49,34,56,39,34,50,62,65,82,n/a,41,46,31,33,29,17,48,27,n/a
1/4/2021,58,51,63,50,66,48,63,77,68,64,81,82,65,53,48,87,47,50,39,73,88,40,69,70,77,66,82,49,51,57,59,43,40,n/a,92,25,43,n/a,n/a,53,53,53,51,45,49,41,38,54,26,42,41,64,52,69,39,34,62,74,46,55,42,60,45,37,50,62,62,89,n/a,41,52,25,23,24,13,44,32,n/a
1/5/2021,74,54,58,49,85,50,53,123,77,84,65,78,88,78,75,116,59,57,44,91,103,43,74,79,92,68,n/a,53,49,56,74,66,43,n/a,70,49,43,n/a,n/a,51,50,48,47,53,50,46,47,59,37,51,46,63,57,74,35,47,66,82,52,63,37,56,38,31,46,63,73,78,n/a,36,49,28,21,22,13,50,30,n/a
1/6/2021,83,54,58,52,71,46,55,142,62,86,63,85,69,65,56,101,68,61,49,118,139,54,101,81,94,70,n/a,55,55,61,62,51,41,n/a,48,22,33,n/a,n/a,60,58,46,53,53,53,55,48,58,41,48,42,63,41,67,32,42,63,84,55,n/a,37,53,37,35,47,67,66,82,n/a,29,38,25,32,17,9,36,24,n/a
1/7/2021,57,46,52,46,70,38,47,111,56,58,55,75,60,54,45,88,57,44,35,120,128,48,91,72,100,84,98,50,49,57,63,54,35,n/a,41,34,38,n/a,n/a,65,62,48,56,50,51,53,42,55,44,47,32,58,42,71,34,41,64,72,51,n/a,33,55,39,34,45,59,86,74,n/a,23,43,28,29,24,10,45,23,n/a
1/8/2021,50,41,51,38,63,35,43,52,48,44,46,59,51,42,34,79,54,33,35,50,58,41,63,72,93,73,93,54,33,50,42,39,38,n/a,49,29,20,n/a,n/a,68,48,33,41,39,39,40,35,56,27,43,31,60,46,63,33,30,51,59,51,n/a,31,52,36,29,44,55,71,43,n/a,30,45,35,43,34,12,39,30,n/a
1/9/2021,44,40,41,46,53,29,40,54,43,44,55,51,51,40,31,77,51,36,37,63,81,38,57,73,78,64,77,37,37,39,52,34,32,n/a,46,19,21,n/a,n/a,44,48,32,43,34,46,42,32,55,26,42,36,57,40,59,33,28,48,55,34,n/a,31,44,33,27,35,36,56,48,n/a,34,54,38,42,37,14,23,36,n/a
1/10/2021,49,46,48,51,56,38,49,65,50,53,55,60,54,46,36,80,62,45,37,68,97,48,83,74,76,75,94,49,54,48,50,38,33,n/a,38,24,23,n/a,n/a,50,56,43,51,48,52,46,38,56,36,45,37,55,51,62,42,39,56,69,48,n/a,33,46,37,27,45,47,73,57,n/a,36,43,33,37,35,16,25,32,n/a
1/11/2021,61,48,52,56,65,42,49,77,56,56,58,63,59,49,38,82,59,50,37,68,89,43,80,76,84,70,105,53,54,49,61,48,42,n/a,54,44,48,n/a,n/a,52,56,44,50,43,45,51,41,58,31,53,42,66,55,66,42,37,52,63,40,n/a,41,49,37,29,45,57,81,56,n/a,31,45,35,43,38,18,25,30,n/a
1/12/2021,66,61,63,50,69,43,61,91,70,71,88,68,71,58,49,95,67,63,44,89,95,52,79,128,162,112,105,57,66,65,90,66,49,n/a,73,55,59,n/a,n/a,58,47,38,49,38,68,72,51,78,47,69,62,54,30,57,30,43,47,77,19,n/a,41,41,29,21,44,28,72,61,n/a,40,56,37,38,40,19,28,31,n/a
1/13/2021,82,85,85,70,93,72,82,122,94,91,103,103,93,79,67,120,92,80,50,106,115,57,86,110,137,106,105,59,72,68,104,83,45,n/a,104,87,97,n/a,n/a,77,64,58,67,60,75,79,63,87,56,77,57,51,34,61,35,33,64,66,37,n/a,36,47,43,27,47,n/a,61,64,n/a,46,60,41,35,40,16,30,38,n/a
1/14/2021,105,114,105,93,110,90,109,162,119,118,130,131,119,107,91,153,136,109,72,113,154,n/a,133,143,172,130,117,73,84,83,138,112,57,n/a,171,78,72,n/a,n/a,93,86,80,86,75,92,104,81,103,85,88,55,62,55,93,62,47,88,93,42,n/a,45,63,47,41,62,n/a,97,80,n/a,50,57,41,37,38,14,29,41,n/a
1/15/2021,117,121,119,106,125,93,116,185,125,124,129,150,128,125,104,176,146,110,74,104,165,87,146,155,192,123,120,102,78,102,125,115,60,n/a,130,74,66,n/a,n/a,101,87,67,91,74,118,124,89,110,95,96,61,74,67,95,69,60,81,111,52,n/a,51,74,50,49,63,73,96,100,n/a,46,56,43,46,43,17,32,45,n/a
1/16/2021,92,88,105,88,115,72,102,133,107,89,110,145,102,75,68,124,98,86,62,80,89,92,90,136,198,120,105,82,58,102,105,109,70,n/a,111,65,55,n/a,n/a,88,67,58,76,54,71,95,74,111,86,113,65,63,58,82,66,53,83,135,56,n/a,41,76,45,46,64,75,105,113,n/a,34,55,37,40,39,17,26,43,n/a
1/17/2021,73,66,71,70,78,54,70,126,76,71,74,83,76,60,52,102,83,62,47,59,83,n/a,75,111,167,110,100,75,46,76,72,87,62,n/a,61,56,44,n/a,n/a,85,76,60,70,59,76,80,65,89,69,90,59,67,60,100,78,60,100,107,52,n/a,36,72,48,42,69,72,90,96,n/a,39,53,40,42,44,18,28,42,n/a
1/18/2021,97,53,58,60,68,45,57,78,60,60,62,65,64,54,44,92,67,53,39,45,81,47,79,96,115,85,96,60,48,63,76,60,50,n/a,73,67,66,n/a,n/a,56,62,44,53,50,59,60,45,66,43,62,58,79,64,79,53,47,74,72,34,n/a,49,71,33,42,55,63,80,60,n/a,48,74,49,56,51,28,37,42,n/a
1/19/2021,103,70,77,78,82,64,73,111,82,84,90,95,81,67,59,112,83,79,52,66,122,62,84,102,111,100,102,66,69,62,83,74,57,n/a,101,79,68,n/a,n/a,73,79,66,72,62,75,72,65,75,69,73,60,69,59,78,71,50,75,76,38,n/a,51,66,38,45,60,62,80,82,n/a,46,57,49,57,52,23,38,48,n/a
1/20/2021,122,92,94,98,102,80,92,164,99,107,111,124,105,98,85,135,115,97,63,89,154,81,115,134,160,112,89,71,66,84,106,107,60,n/a,172,83,80,n/a,n/a,89,87,71,75,72,68,83,76,100,99,95,59,81,67,85,64,54,85,99,58,n/a,50,71,48,45,73,96,98,91,n/a,53,68,35,40,42,22,29,36,n/a
1/21/2021,134,106,101,108,112,83,104,174,114,116,117,134,116,107,95,159,144,100,n/a,105,175,79,90,152,196,133,99,78,81,98,113,118,65,n/a,178,78,90,n/a,n/a,120,100,91,88,89,111,122,91,121,79,94,59,82,71,89,78,59,91,116,69,102,66,79,55,52,80,100,106,109,n/a,54,64,52,54,45,18,26,42,n/a
1/22/2021,148,131,122,129,148,101,118,216,144,153,136,150,144,126,120,167,158,123,122,121,160,93,128,154,230,124,107,80,101,95,120,119,70,n/a,159,66,50,n/a,n/a,126,104,85,87,98,107,111,95,153,78,105,58,76,68,97,80,60,100,129,72,114,61,84,58,51,83,98,102,127,n/a,44,59,55,43,48,16,33,50,n/a
1/23/2021,109,91,108,100,108,78,98,131,105,101,114,133,99,81,74,111,118,95,109,93,117,94,114,149,176,128,79,76,69,111,108,105,69,n/a,106,58,57,n/a,n/a,106,81,58,73,65,86,105,82,145,78,98,57,81,69,105,81,70,108,118,70,121,57,87,55,48,85,90,105,112,n/a,39,50,38,33,36,14,30,45,n/a
1/24/2021,61,44,53,51,60,35,53,78,55,49,53,65,54,38,37,76,60,40,60,56,52,60,48,98,132,97,66,68,25,61,111,113,72,n/a,134,72,89,n/a,n/a,60,54,40,53,44,50,53,40,79,66,86,39,81,69,91,81,74,136,102,51,93,53,80,56,48,83,92,114,96,n/a,33,48,29,33,30,17,32,29,n/a
1/25/2021,53,32,51,n/a,49,33,45,79,48,41,49,64,42,26,29,57,47,41,60,68,40,47,48,95,146,79,62,59,22,52,124,128,70,n/a,155,94,105,n/a,n/a,66,42,35,47,34,41,51,37,75,57,81,33,77,61,115,74,69,108,103,54,88,48,87,57,58,80,99,116,96,n/a,25,41,28,29,30,18,42,30,n/a
1/26/2021,65,37,55,57,55,39,51,83,60,51,55,69,48,42,31,62,51,47,61,60,49,50,69,104,192,115,70,72,26,72,98,102,71,n/a,133,61,43,n/a,n/a,55,41,30,47,36,45,54,44,83,82,81,37,77,64,103,74,64,106,120,67,101,47,81,50,60,80,106,109,103,n/a,36,46,35,32,34,23,66,38,n/a
1/27/2021,64,48,58,61,65,43,57,92,66,59,57,80,54,45,37,71,58,48,64,60,43,57,53,110,156,114,64,80,23,91,87,79,71,n/a,94,59,32,n/a,n/a,58,48,37,58,42,50,47,47,84,84,86,41,85,72,106,72,71,113,106,71,104,55,83,57,67,87,105,111,113,n/a,39,48,28,32,33,21,46,34,n/a
1/28/2021,71,51,59,61,75,45,57,92,68,62,63,81,59,40,40,71,57,51,67,71,50,48,60,106,163,95,78,76,29,73,77,83,63,n/a,79,43,27,n/a,n/a,69,50,33,54,46,48,55,40,79,62,70,43,77,66,106,91,82,119,117,74,108,46,84,n/a,67,89,113,108,145,n/a,29,45,31,24,31,19,40,35,n/a
1/29/2021,87,66,72,72,94,55,71,84,74,73,75,83,74,65,53,105,82,63,73,74,81,65,84,97,105,85,88,77,41,69,68,58,49,n/a,53,55,37,n/a,n/a,77,62,51,65,55,74,73,60,76,59,80,59,92,74,94,69,65,86,85,71,101,47,66,48,60,70,92,110,78,n/a,38,58,36,28,34,20,52,42,n/a
1/30/2021,79,72,74,75,94,54,72,98,73,72,77,85,83,78,65,118,95,61,78,82,120,66,106,102,102,100,93,74,54,73,73,69,56,n/a,84,61,43,n/a,n/a,93,82,73,70,63,85,87,87,98,79,81,84,67,57,78,61,59,76,89,56,69,44,62,40,49,65,73,89,98,n/a,50,66,43,41,45,20,61,54,n/a
1/31/2021,97,69,77,78,90,58,76,97,73,72,83,87,79,69,58,109,91,65,83,83,107,67,107,114,113,102,95,79,54,80,70,70,53,n/a,87,45,22,n/a,n/a,95,93,75,79,75,83,83,76,98,80,102,83,56,43,88,65,67,76,88,47,65,27,62,n/a,44,78,57,95,102,n/a,48,64,45,41,48,22,88,41,n/a
2/1/2021,114,98,97,93,117,79,99,148,101,108,114,127,102,95,77,139,110,102,110,130,134,77,128,140,172,123,101,85,66,93,70,77,58,n/a,74,43,34,n/a,n/a,101,93,78,87,82,87,98,81,111,88,93,74,60,49,89,60,63,80,109,52,76,35,59,37,53,71,71,90,126,n/a,42,61,39,30,39,21,65,42,n/a
2/2/2021,103,77,89,92,112,73,89,141,104,98,98,112,95,80,74,123,98,90,95,134,107,79,108,126,207,106,97,91,64,93,68,63,62,n/a,68,47,41,n/a,n/a,105,101,84,90,82,90,101,89,104,79,83,71,50,39,92,61,64,88,108,37,65,39,69,44,48,62,53,82,112,n/a,46,59,39,29,38,21,72,47,n/a
2/3/2021,111,89,93,91,125,67,92,128,104,94,90,91,95,85,72,130,108,83,89,106,93,70,100,119,200,107,103,88,58,78,70,70,64,n/a,63,42,45,n/a,n/a,103,90,75,92,76,112,103,87,107,87,107,66,45,36,106,79,83,108,98,34,66,38,75,47,52,67,54,104,94,n/a,50,58,41,30,42,20,80,51,n/a
2/4/2021,137,78,85,84,104,62,81,95,88,80,86,91,86,73,66,121,98,80,n/a,88,99,74,99,131,149,98,105,88,52,89,68,67,56,n/a,71,36,35,n/a,n/a,83,85,68,96,66,92,85,76,114,78,107,76,62,50,101,77,96,100,93,41,77,35,72,50,59,68,64,100,85,n/a,49,62,34,24,37,24,40,52,n/a
2/5/2021,106,80,82,90,101,67,84,114,86,88,90,104,92,79,70,121,96,86,89,107,134,64,114,118,152,99,100,76,65,80,67,63,55,n/a,82,37,40,n/a,n/a,92,92,78,77,81,86,96,80,96,87,79,85,84,67,102,78,95,107,94,58,89,42,87,54,63,65,88,97,101,n/a,42,58,32,27,35,22,21,45,n/a
2/6/2021,112,74,74,76,88,60,74,141,80,87,87,93,87,82,66,117,96,72,106,108,137,67,118,130,163,102,101,81,59,87,74,80,48,n/a,85,57,35,n/a,n/a,104,97,83,92,80,92,108,82,98,103,85,83,97,78,114,83,97,119,88,64,100,52,83,52,77,74,101,114,95,n/a,37,47,34,36,35,22,22,44,n/a
2/7/2021,91,80,83,88,93,72,86,111,97,89,89,116,91,71,67,111,101,85,111,101,91,79,96,123,171,111,102,95,51,93,79,67,61,n/a,94,64,38,n/a,n/a,109,85,71,97,72,81,105,72,106,110,96,74,94,75,101,86,96,127,99,68,97,62,80,55,78,78,101,112,93,n/a,43,49,31,34,33,26,20,39,n/a
2/8/2021,64,44,52,51,60,43,53,98,61,52,52,77,53,37,36,68,53,48,69,60,51,56,49,103,177,97,65,82,28,66,86,93,69,n/a,84,51,21,n/a,n/a,76,56,40,60,41,55,73,45,88,99,93,55,62,50,94,67,64,93,105,19,20,41,70,40,55,74,29,81,95,n/a,44,55,29,37,32,21,18,34,n/a
2/9/2021,60,43,n/a,60,58,51,61,134,71,66,69,90,56,36,37,69,46,57,89,76,73,44,61,92,150,78,73,63,31,55,34,51,17,n/a,29,37,14,n/a,n/a,47,32,23,39,43,37,33,29,80,35,55,32,29,19,24,12,9,25,56,11,19,27,23,15,21,15,11,74,32,n/a,42,43,30,35,33,25,21,29,n/a
2/10/2021,64,43,n/a,53,57,43,57,110,71,66,73,91,55,40,36,80,51,43,65,62,94,36,44,77,98,53,53,33,30,33,42,36,24,n/a,35,21,20,n/a,n/a,48,42,28,44,31,40,34,33,38,11,24,30,32,21,35,21,17,41,43,15,28,26,34,19,27,23,18,65,34,n/a,42,50,31,27,32,23,18,32,n/a
2/11/2021,55,51,55,52,67,38,55,115,60,56,66,78,66,50,43,99,61,45,70,78,103,45,74,92,126,77,69,50,35,53,55,54,31,n/a,54,34,27,n/a,n/a,57,60,43,62,45,45,53,44,50,22,38,36,41,32,49,28,31,43,54,22,37,30,40,22,39,26,25,91,51,n/a,40,52,28,27,28,21,18,28,n/a
2/12/2021,67,60,58,56,74,45,59,n/a,70,66,63,83,73,60,51,107,70,48,70,77,88,48,58,99,176,97,76,54,34,58,63,65,43,n/a,61,38,34,n/a,n/a,69,57,41,64,47,68,65,47,62,39,66,38,51,39,63,39,44,75,52,28,51,34,46,31,54,40,37,85,58,n/a,43,40,26,29,29,n/a,19,21,n/a
2/13/2021,53,46,64,57,63,47,61,97,65,53,65,84,55,40,36,76,60,50,103,55,49,59,50,115,198,105,66,64,24,64,64,71,57,n/a,59,56,43,n/a,n/a,70,52,41,54,42,47,66,45,73,46,65,45,65,45,70,43,57,72,55,40,71,32,62,42,56,50,52,84,68,n/a,46,41,32,37,32,25,19,29,n/a
2/14/2021,42,37,46,47,51,35,48,n/a,51,46,46,68,46,30,29,66,47,38,66,45,41,49,37,98,141,83,46,50,20,54,77,74,60,n/a,96,76,38,n/a,n/a,65,46,35,51,38,48,60,38,61,65,70,46,62,47,76,58,84,82,55,49,89,36,78,56,63,58,73,78,72,n/a,56,49,41,40,37,25,26,33,n/a
2/15/2021,45,35,47,47,51,34,45,n/a,51,44,45,57,45,31,29,68,48,38,62,58,45,48,40,100,155,72,52,55,21,50,90,82,65,n/a,98,89,56,n/a,n/a,61,45,38,48,43,52,73,38,68,66,66,46,80,59,85,65,105,89,63,55,98,60,80,64,68,66,88,85,69,n/a,53,48,42,49,45,25,24,36,n/a
2/16/2021,58,38,48,50,56,36,49,n/a,55,46,48,62,48,33,34,70,47,41,65,63,48,49,42,99,123,71,50,52,23,48,100,103,66,n/a,106,127,55,n/a,n/a,69,43,40,50,42,51,66,39,66,69,80,50,77,58,76,57,85,85,76,52,87,94,76,52,64,68,89,97,67,n/a,57,56,47,54,51,31,37,40,n/a
2/17/2021,52,49,58,58,61,44,58,121,66,55,58,79,55,40,39,77,59,50,74,63,56,51,50,92,157,79,54,58,24,57,81,93,65,n/a,75,63,38,n/a,n/a,65,52,42,51,45,59,65,47,64,69,77,54,69,59,86,72,81,106,79,47,88,81,72,53,66,71,73,114,71,n/a,61,61,47,50,48,30,36,46,n/a
2/18/2021,78,71,69,70,82,59,70,104,75,73,79,82,79,70,58,107,80,64,81,70,88,64,74,101,146,77,73,71,48,61,61,57,47,n/a,50,51,49,n/a,n/a,74,63,58,64,54,72,73,62,84,53,78,68,92,76,78,54,59,67,79,49,80,75,59,42,64,53,66,94,59,n/a,56,57,36,40,39,32,26,43,n/a
2/19/2021,63,64,59,64,71,50,61,87,63,64,70,70,71,62,53,100,67,55,68,65,97,49,82,97,123,76,86,65,48,55,61,53,43,n/a,57,56,45,n/a,n/a,65,60,55,67,51,65,69,57,69,41,58,79,70,54,70,52,59,80,63,42,60,46,63,41,58,46,53,73,57,n/a,56,60,41,50,45,37,31,60,n/a
2/20/2021,65,65,63,67,76,51,64,82,67,69,77,78,75,68,53,106,80,59,68,73,108,52,84,117,131,87,88,74,54,57,63,58,43,n/a,97,68,51,n/a,n/a,76,66,57,70,57,72,69,64,74,60,64,95,60,47,82,63,60,84,63,36,60,49,63,41,65,52,44,99,64,n/a,53,62,45,46,45,36,30,48,n/a
2/21/2021,91,80,82,87,97,68,81,n/a,90,90,87,108,87,75,70,121,99,75,89,106,114,78,106,185,165,109,107,91,64,88,75,89,57,n/a,93,98,65,n/a,n/a,96,91,84,90,84,84,94,81,94,97,107,100,63,51,81,75,83,93,87,35,71,54,62,41,64,55,46,130,81,n/a,50,55,43,45,46,42,30,55,n/a
2/22/2021,73,65,77,74,83,59,76,133,81,72,77,96,76,57,54,91,74,69,83,90,69,75,79,150,200,115,101,99,44,86,101,112,63,n/a,137,128,68,n/a,n/a,88,73,59,78,65,68,83,70,104,96,111,74,63,48,89,73,81,100,110,31,62,42,77,48,57,79,49,158,103,n/a,55,45,43,50,46,39,26,50,n/a
2/23/2021,65,58,65,66,72,52,68,100,76,65,n/a,86,66,52,48,84,63,59,70,82,66,59,68,114,142,89,86,93,40,69,95,105,74,n/a,121,179,65,n/a,n/a,76,62,56,72,58,65,83,50,80,70,85,61,73,61,104,96,108,124,102,39,68,57,88,62,73,91,71,119,97,n/a,68,61,63,52,56,51,39,56,n/a
2/24/2021,61,53,61,63,73,51,61,111,70,63,n/a,89,63,46,44,83,62,58,67,72,65,69,71,127,143,93,86,74,43,80,103,104,91,n/a,126,167,64,n/a,n/a,78,57,53,58,52,65,75,48,75,69,97,61,96,75,109,99,93,115,106,58,101,65,98,74,69,96,97,86,102,n/a,69,62,61,54,59,60,39,54,n/a
2/25/2021,68,66,71,69,79,56,71,113,82,74,71,94,72,60,55,93,77,63,73,82,77,67,66,126,139,85,76,73,42,66,122,92,71,n/a,142,160,121,n/a,n/a,77,57,48,60,48,75,87,64,84,64,91,50,82,73,79,73,68,72,90,54,95,51,100,65,48,87,70,76,81,n/a,66,52,58,46,48,53,33,50,n/a
2/26/2021,69,61,67,70,71,58,72,121,79,75,73,95,72,58,54,87,67,61,78,91,85,59,84,124,161,92,79,58,42,91,111,87,56,n/a,161,159,135,n/a,n/a,74,55,43,57,46,61,70,52,74,56,81,47,82,65,95,94,76,76,106,51,89,62,89,50,70,87,75,108,95,n/a,56,49,45,36,36,40,30,52,n/a
2/27/2021,69,63,68,70,77,56,68,118,79,78,69,91,74,59,58,93,75,59,73,101,n/a,66,91,127,140,87,86,62,42,107,114,90,78,n/a,175,153,90,n/a,n/a,73,65,50,67,55,73,72,60,76,50,81,42,107,86,139,137,122,138,109,69,106,84,88,64,85,116,81,139,124,n/a,59,60,45,33,34,36,27,54,n/a
2/28/2021,62,54,65,63,67,52,63,120,65,64,58,89,64,54,52,86,94,53,68,69,54,64,71,118,134,92,80,77,39,99,118,89,96,n/a,132,131,65,n/a,n/a,77,64,49,58,52,70,72,60,74,61,79,48,113,97,147,211,177,162,117,76,136,101,105,77,95,115,100,179,108,n/a,64,92,50,32,38,61,29,38,n/a
3/1/2021,44,32,40,43,53,36,44,84,49,43,39,57,41,30,34,64,42,35,52,48,33,41,53,89,108,63,61,90,26,65,116,84,105,n/a,172,113,73,n/a,n/a,62,41,31,39,32,44,49,32,76,43,65,42,112,96,143,144,130,110,93,84,144,104,112,94,84,109,104,190,76,n/a,55,64,36,36,38,39,27,40,n/a
3/2/2021,28,21,26,26,41,23,29,69,36,29,26,47,29,17,21,51,30,23,37,35,19,30,29,77,70,50,37,51,17,41,109,74,103,n/a,167,121,63,n/a,n/a,40,26,16,25,20,31,40,24,51,40,52,39,118,86,156,122,144,119,72,83,149,115,117,79,95,119,111,200,86,n/a,48,47,34,37,41,38,28,34,n/a
3/3/2021,28,19,26,28,37,23,26,58,33,26,22,46,29,18,19,50,26,23,36,33,19,25,27,54,91,27,39,51,14,31,57,55,56,n/a,87,61,21,n/a,n/a,43,31,21,29,25,35,27,22,54,32,44,36,132,110,152,98,107,122,54,89,145,167,78,73,109,99,116,147,43,n/a,47,41,28,34,31,34,25,31,n/a
3/4/2021,34,30,38,38,43,30,39,75,48,36,37,59,40,26,25,61,39,32,n/a,45,23,34,32,66,127,39,39,28,14,36,60,42,31,n/a,91,86,46,n/a,n/a,43,33,27,34,26,39,35,31,47,29,43,33,103,87,65,46,47,50,52,75,140,144,57,39,74,45,65,103,31,n/a,44,41,28,37,34,31,21,31,n/a
3/5/2021,38,28,36,38,43,28,38,72,46,37,35,56,39,27,26,57,34,30,n/a,45,31,30,32,63,111,40,40,51,17,34,69,57,39,n/a,104,140,60,n/a,n/a,58,38,29,39,33,55,38,31,58,35,49,37,91,71,73,49,52,65,51,69,158,140,68,49,63,57,62,90,47,n/a,43,44,34,35,34,29,22,37,n/a
3/6/2021,42,32,40,41,49,31,40,69,46,40,37,58,40,29,29,63,39,30,49,54,33,35,44,70,89,44,50,30,21,41,66,59,45,n/a,97,131,30,n/a,n/a,55,38,31,42,32,44,39,33,62,42,n/a,35,116,98,93,66,60,84,67,90,216,216,80,66,88,67,97,102,61,n/a,42,38,30,25,30,33,n/a,38,n/a
3/7/2021,37,31,39,40,42,28,39,68,42,39,36,63,38,25,26,60,48,31,47,46,32,39,40,70,77,49,51,55,21,45,66,66,54,n/a,110,134,36,n/a,n/a,52,36,28,36,27,43,36,33,61,48,77,42,146,126,132,99,104,101,66,103,226,340,82,70,102,86,115,127,61,n/a,50,39,n/a,25,28,32,24,35,n/a
3/8/2021,43,37,44,45,49,35,44,65,53,43,42,75,42,28,29,66,53,40,45,45,35,45,44,78,118,51,49,59,21,53,57,55,43,n/a,109,96,43,n/a,n/a,46,38,29,37,28,47,34,38,56,37,61,37,139,125,128,92,121,78,63,129,265,309,78,76,97,68,131,137,47,n/a,52,35,27,33,30,37,16,33,n/a
3/9/2021,40,32,46,42,48,35,43,69,50,43,41,77,42,29,27,60,43,40,38,46,33,46,39,85,129,53,49,52,18,48,77,79,45,n/a,121,111,49,n/a,n/a,52,37,34,44,35,47,49,34,58,53,61,42,153,124,105,85,97,67,67,127,268,227,82,78,105,68,121,146,55,n/a,48,44,35,40,36,36,23,43,n/a
3/10/2021,45,38,58,47,54,40,55,81,60,47,53,91,47,38,33,66,48,42,43,56,36,52,45,86,151,59,58,63,24,60,81,100,51,n/a,132,108,52,n/a,n/a,56,47,41,50,41,52,59,40,62,56,80,45,160,130,107,89,82,81,79,111,241,232,90,80,117,82,108,160,60,n/a,56,48,38,38,38,33,23,44,n/a
3/11/2021,48,45,59,58,60,43,58,76,64,52,55,104,52,36,39,69,51,49,43,61,38,51,47,86,191,71,53,65,22,58,85,96,52,n/a,136,116,48,n/a,n/a,56,47,35,52,42,48,58,39,59,67,72,49,168,147,111,80,80,120,80,98,234,248,81,77,119,82,103,161,67,n/a,47,45,34,40,39,27,21,47,n/a
3/12/2021,48,40,57,54,57,40,56,87,61,52,54,79,49,34,34,67,52,48,43,55,38,47,53,90,183,76,59,57,27,65,77,85,61,n/a,133,87,42,n/a,n/a,59,43,37,51,37,47,61,39,64,66,80,44,129,124,103,75,79,130,97,95,216,226,78,73,101,89,113,129,75,n/a,41,40,35,37,39,27,24,53,n/a
3/13/2021,47,38,54,51,51,39,53,91,54,45,50,71,48,32,34,66,50,43,43,51,39,54,44,84,144,63,55,59,25,60,74,84,72,n/a,130,93,39,n/a,n/a,72,n/a,34,49,34,49,62,38,65,71,69,41,139,122,103,72,82,110,99,101,233,180,85,82,103,90,108,113,81,n/a,50,42,38,30,34,27,22,48,n/a
3/14/2021,44,36,46,47,49,38,45,80,50,45,44,62,48,32,31,66,44,37,42,53,43,56,45,85,159,57,57,48,23,57,76,88,72,n/a,130,107,59,n/a,n/a,60,37,32,41,35,43,54,36,66,54,76,44,122,113,103,70,84,87,85,91,259,144,94,94,92,89,101,104,76,n/a,53,45,37,32,38,30,26,51,n/a
3/15/2021,43,36,46,47,50,33,44,78,52,44,42,61,47,30,33,66,44,37,41,47,43,53,42,83,135,56,53,50,23,54,107,104,82,n/a,135,153,79,n/a,n/a,57,37,35,44,34,50,58,36,68,53,73,46,114,102,94,81,79,91,83,87,191,107,100,86,80,93,97,93,77,n/a,49,45,38,40,42,29,22,54,n/a
3/16/2021,47,40,50,53,56,42,49,75,56,48,47,69,52,36,39,70,54,41,42,57,49,44,53,82,106,55,57,46,25,57,132,95,78,n/a,144,200,117,n/a,n/a,67,45,43,50,39,64,61,44,64,53,70,48,95,88,94,76,68,80,75,81,193,113,100,85,77,81,87,90,71,n/a,56,47,34,39,39,30,25,53,n/a
3/17/2021,52,44,54,54,61,44,53,82,61,52,48,75,55,40,42,74,51,44,43,53,56,47,51,87,99,62,59,36,27,64,118,96,76,n/a,147,206,131,n/a,n/a,65,45,45,52,42,62,65,46,68,51,77,50,99,88,98,81,78,83,84,83,235,118,93,81,80,83,86,103,67,n/a,54,45,38,35,39,31,24,45,n/a
3/18/2021,60,52,63,66,66,52,62,86,71,62,60,83,62,48,47,83,59,53,44,63,63,60,57,100,125,71,69,76,31,73,127,101,80,n/a,132,219,139,n/a,n/a,78,52,49,61,53,68,74,55,80,64,80,56,102,93,96,73,72,90,90,91,261,125,92,83,77,76,91,111,80,n/a,57,59,42,33,39,41,28,48,n/a
3/19/2021,59,45,58,61,62,46,57,78,63,56,53,76,56,42,43,77,53,49,43,56,n/a,47,55,97,106,75,63,79,27,67,129,103,87,n/a,121,208,119,n/a,n/a,71,47,46,54,42,67,66,47,75,61,73,49,100,93,99,73,72,89,96,92,283,153,93,101,80,92,92,108,83,n/a,55,62,37,30,37,35,26,46,n/a
3/20/2021,55,46,56,58,59,46,54,78,61,54,51,74,55,40,41,76,53,47,43,54,53,50,54,87,92,61,59,78,28,72,119,94,94,n/a,121,184,149,n/a,n/a,68,43,37,44,40,64,59,45,70,51,69,40,105,83,103,72,76,98,93,92,287,147,99,97,77,110,96,95,88,n/a,37,61,36,24,33,33,23,36,n/a
3/21/2021,43,34,44,44,46,34,43,70,47,42,40,62,45,30,30,64,44,35,41,43,41,42,41,78,91,60,50,77,20,59,97,82,83,n/a,118,130,64,n/a,n/a,56,34,28,35,28,55,55,37,62,48,62,40,87,73,96,73,86,94,81,88,255,135,95,89,68,93,94,122,84,n/a,47,56,32,29,30,28,20,30,n/a
3/22/2021,74,59,62,68,72,61,66,85,77,80,73,89,71,52,48,96,60,67,55,57,67,49,50,89,90,55,45,46,24,60,42,38,44,n/a,n/a,38,24,n/a,n/a,63,42,39,54,41,66,62,48,69,59,64,48,88,73,79,59,57,72,54,64,164,154,57,n/a,62,47,67,104,53,n/a,42,36,23,34,32,29,21,31,n/a
3/23/2021,68,64,61,67,74,50,63,95,75,73,72,82,71,60,51,93,68,59,78,71,95,42,75,88,100,64,69,49,40,44,52,44,40,n/a,106,39,42,n/a,n/a,58,48,43,59,48,70,59,41,57,38,53,61,64,51,63,37,46,51,58,47,102,125,58,45,46,45,61,68,49,n/a,49,38,37,33,39,28,33,36,n/a
3/24/2021,72,67,69,75,76,59,71,102,84,79,76,98,76,67,59,85,77,68,96,108,114,62,100,116,148,77,85,n/a,55,88,62,72,54,n/a,113,104,26,n/a,n/a,73,58,55,59,52,68,64,50,77,55,75,62,69,56,70,47,56,60,80,60,126,143,84,56,55,63,73,72,68,n/a,56,44,32,35,30,n/a,21,42,n/a
3/25/2021,57,54,66,65,65,47,64,92,69,61,63,85,60,48,42,70,64,58,86,65,57,57,63,119,164,81,76,58,34,86,80,91,69,n/a,111,100,50,n/a,n/a,70,54,48,62,54,70,78,60,81,79,81,54,87,84,84,60,60,72,125,74,132,142,95,68,65,77,87,64,89,n/a,48,33,30,34,34,21,21,27,n/a
3/26/2021,36,29,36,39,43,29,39,71,43,37,35,52,37,26,26,41,32,32,63,37,29,33,34,77,90,50,51,63,17,54,108,98,84,n/a,112,107,78,n/a,n/a,50,34,28,37,33,43,42,29,57,36,58,35,84,66,84,72,66,80,84,75,166,161,91,69,55,86,83,71,91,n/a,46,37,32,31,29,30,24,42,n/a
3/27/2021,36,27,35,36,40,25,34,77,38,33,30,59,n/a,23,24,43,34,24,59,39,27,35,30,68,87,50,42,54,16,54,118,72,80,n/a,97,168,98,n/a,n/a,48,37,28,39,31,62,45,30,59,37,53,39,93,81,78,69,65,90,75,78,172,148,98,70,66,83,84,65,82,n/a,46,34,28,24,24,25,16,40,n/a
3/28/2021,34,27,35,39,38,29,35,65,38,34,31,55,37,23,23,43,32,26,59,32,29,28,33,67,65,44,42,50,16,61,90,63,62,n/a,86,161,118,n/a,n/a,53,33,24,37,23,51,40,28,56,33,48,31,92,80,87,86,73,79,72,96,281,137,96,81,74,77,98,66,71,n/a,40,28,21,18,21,26,19,24,n/a
3/29/2021,35,25,34,42,41,26,35,69,39,34,32,52,36,23,24,43,31,27,59,36,30,28,34,54,65,39,42,50,17,53,75,58,60,n/a,75,111,99,n/a,n/a,45,33,23,32,26,44,n/a,31,53,27,44,30,100,94,82,72,73,75,68,96,319,117,79,70,77,74,97,97,78,n/a,38,26,28,20,25,23,n/a,24,n/a
3/30/2021,38,28,38,45,47,34,39,67,44,38,35,58,38,24,27,43,31,34,68,46,34,48,59,108,92,65,59,57,25,77,84,60,67,n/a,81,80,103,n/a,n/a,40,25,17,28,21,40,39,33,48,25,42,25,136,130,127,115,96,128,101,161,389,159,115,91,108,97,136,134,116,n/a,38,26,33,24,26,23,21,31,n/a
3/31/2021,43,33,40,49,48,39,42,79,52,44,46,60,42,30,29,46,37,40,57,57,43,46,76,97,81,55,61,63,27,93,107,62,113,n/a,90,80,99,n/a,n/a,46,29,21,29,29,39,40,31,55,26,51,26,143,137,140,121,105,132,140,151,527,119,154,123,118,137,153,134,169,n/a,38,29,30,20,28,27,16,30,n/a
4/1/2021,37,25,32,40,45,32,32,77,42,35,31,50,34,24,23,41,29,30,33,47,34,45,43,71,68,42,44,41,20,72,108,53,129,n/a,77,61,132,n/a,n/a,39,24,17,21,22,37,29,24,43,18,42,24,139,125,147,125,109,142,120,151,398,139,165,130,112,148,174,111,139,n/a,36,27,38,24,34,25,20,26,n/a
4/2/2021,28,14,22,24,30,18,20,62,28,23,17,34,24,13,14,31,22,17,16,29,16,23,n/a,62,59,28,32,24,10,51,72,36,112,n/a,55,48,87,n/a,n/a,34,21,15,23,23,33,31,17,40,19,37,23,151,146,149,118,112,136,62,196,437,146,144,124,108,119,159,130,108,n/a,35,32,37,20,27,28,29,21,n/a
4/3/2021,26,20,28,32,34,24,29,54,36,28,26,48,29,19,20,38,29,19,24,26,18,33,45,58,75,37,31,21,11,50,70,48,74,n/a,28,71,52,n/a,n/a,35,21,17,27,24,n/a,28,26,42,29,34,22,147,119,109,78,77,86,53,276,453,221,101,92,93,72,104,88,56,n/a,39,35,46,23,28,29,25,32,n/a
4/4/2021,33,23,29,31,34,24,30,49,37,32,49,45,32,20,21,45,30,22,22,25,29,30,36,51,89,31,31,20,14,25,57,37,37,n/a,10,53,44,n/a,n/a,40,31,18,27,20,24,30,25,41,18,36,32,103,89,80,53,59,79,31,165,138,212,67,85,64,51,69,56,27,n/a,43,41,39,26,27,30,35,33,n/a
4/5/2021,53,48,53,50,48,38,51,76,66,55,71,88,54,38,34,63,46,41,44,44,45,35,34,64,115,44,30,28,13,22,52,39,34,n/a,14,57,39,n/a,n/a,52,36,27,42,39,35,43,27,47,21,36,28,91,88,60,39,45,n/a,31,62,99,103,52,36,73,44,74,25,16,n/a,43,50,38,25,36,32,30,29,n/a
4/6/2021,48,44,55,45,45,34,50,76,52,47,72,86,47,36,31,59,58,39,50,44,64,38,36,71,202,59,37,32,15,25,65,49,45,n/a,n/a,70,36,n/a,n/a,60,41,30,45,33,39,53,39,65,32,59,36,25,n/a,28,17,17,25,34,16,28,22,25,12,21,19,21,23,15,n/a,43,36,29,29,30,29,19,37,n/a
4/7/2021,49,44,49,44,47,38,46,65,62,49,69,71,50,39,35,68,56,37,43,40,59,31,30,63,130,47,41,28,21,28,55,50,30,n/a,17,64,61,n/a,n/a,61,52,39,56,57,53,55,42,59,32,46,35,34,28,30,19,19,28,26,21,36,24,40,21,26,20,21,24,20,n/a,46,29,34,30,32,25,21,38,n/a
4/8/2021,50,51,54,45,48,34,48,78,58,50,53,75,53,41,37,65,51,34,31,52,48,35,30,73,133,46,31,20,17,34,51,56,30,n/a,18,88,65,n/a,n/a,55,44,34,49,40,46,62,41,58,34,51,37,38,28,39,23,22,31,44,26,55,33,41,31,34,27,29,29,31,n/a,49,37,40,34,38,27,36,44,n/a
4/9/2021,34,33,47,37,45,29,41,70,46,37,43,57,37,27,24,51,43,33,35,39,25,39,31,68,143,42,35,23,17,60,63,57,40,n/a,16,70,43,n/a,n/a,50,40,33,50,35,47,56,42,51,28,44,36,47,42,42,23,27,37,66,37,84,43,47,35,37,32,41,46,38,n/a,54,38,44,32,41,30,33,42,n/a
4/10/2021,42,42,56,50,54,41,50,75,54,43,60,71,45,35,35,59,50,43,43,49,24,38,33,84,167,63,38,n/a,14,76,62,59,56,n/a,17,56,23,n/a,n/a,49,43,32,51,40,43,53,44,48,40,42,42,40,33,34,29,25,41,52,33,83,47,54,39,n/a,33,30,34,39,n/a,49,42,45,38,44,35,42,40,n/a
4/11/2021,43,36,50,40,42,34,39,69,50,42,53,66,44,32,31,57,42,33,34,34,38,34,37,81,125,53,48,25,17,47,49,53,59,n/a,17,44,26,n/a,n/a,45,38,29,44,33,38,47,39,48,33,48,40,33,26,39,27,34,42,51,26,60,38,51,38,n/a,41,35,47,42,n/a,54,40,44,38,41,34,31,42,n/a
4/12/2021,46,34,54,41,46,36,42,67,50,46,46,81,46,30,35,54,44,31,32,34,42,29,35,66,88,48,39,20,17,51,65,46,51,n/a,15,54,41,n/a,n/a,48,41,29,45,37,35,47,39,47,27,42,34,37,31,43,37,34,46,58,30,54,49,51,34,28,41,43,40,45,n/a,47,37,32,33,31,28,26,41,n/a
4/13/2021,35,26,41,32,35,30,33,49,37,34,32,52,34,23,24,44,36,24,26,29,23,25,28,50,50,32,36,17,15,36,58,46,46,n/a,13,68,61,n/a,n/a,42,35,23,36,33,33,45,32,43,17,35,32,37,30,39,27,27,36,49,26,57,46,47,42,29,41,36,28,41,n/a,42,31,33,30,28,24,28,29,n/a
4/14/2021,28,21,33,27,26,24,27,46,30,28,29,49,28,21,20,39,30,17,23,29,25,24,24,54,55,36,26,12,14,31,51,40,36,n/a,14,45,57,n/a,n/a,40,35,24,32,27,27,35,25,40,17,41,32,41,33,43,27,30,41,41,27,55,73,44,40,32,32,28,38,32,n/a,38,25,30,25,24,23,20,27,n/a
4/15/2021,35,25,49,34,32,33,37,59,36,38,39,50,33,24,22,42,33,30,32,33,28,29,30,63,70,39,23,14,14,26,41,36,29,n/a,13,36,35,n/a,n/a,40,37,23,39,33,29,40,27,44,18,33,29,45,37,38,28,n/a,35,34,31,80,58,41,32,33,30,31,29,30,n/a,38,27,36,20,25,24,20,30,n/a
4/16/2021,31,22,33,29,31,25,27,57,31,30,25,46,28,23,18,36,30,20,21,35,26,23,22,55,67,29,26,17,14,27,47,36,37,n/a,13,49,41,n/a,n/a,41,26,21,28,24,29,36,31,48,15,43,27,52,41,42,29,31,41,43,37,93,87,47,45,40,37,35,27,49,n/a,42,27,42,24,30,25,34,31,n/a
4/17/2021,28,27,41,26,27,27,31,57,31,30,34,44,30,24,21,41,33,20,23,39,27,27,27,59,82,28,27,17,14,35,40,36,20,n/a,12,44,38,n/a,n/a,45,30,23,35,28,29,42,29,49,22,49,29,37,30,31,20,23,30,37,34,74,30,40,34,23,24,25,24,28,n/a,35,22,35,25,31,23,n/a,24,n/a
4/18/2021,29,20,37,27,28,25,30,50,31,30,38,45,27,20,18,35,24,23,26,35,27,24,21,50,103,39,25,13,14,35,46,38,26,n/a,13,45,34,n/a,n/a,42,25,18,31,27,24,38,24,61,20,32,30,23,17,27,15,17,25,37,26,61,22,29,18,17,19,19,24,20,n/a,35,24,29,22,23,20,16,20,n/a
4/19/2021,22,16,26,23,25,18,22,49,27,24,25,37,25,16,15,33,23,15,20,32,29,19,17,41,62,20,25,17,11,22,36,22,24,n/a,11,40,38,n/a,n/a,33,26,17,26,23,27,28,22,41,12,30,27,36,28,28,22,27,25,26,25,57,29,42,38,27,20,25,21,22,n/a,37,21,32,18,24,20,15,31,n/a
4/20/2021,30,18,34,26,35,22,28,52,37,31,32,40,29,17,17,35,33,20,20,41,26,34,19,47,143,21,26,13,9,27,41,32,31,n/a,11,24,43,n/a,n/a,33,24,12,21,18,n/a,n/a,20,40,16,33,27,50,36,37,25,20,35,36,35,76,41,50,40,34,27,32,34,35,n/a,33,26,32,19,26,18,15,28,n/a
4/21/2021,28,22,36,30,32,23,29,62,35,32,30,48,29,20,19,34,27,24,18,48,24,34,21,64,134,31,28,18,13,27,50,28,37,n/a,12,43,57,n/a,n/a,37,24,13,27,22,28,n/a,20,44,12,33,25,58,47,49,31,29,49,47,40,103,56,52,41,48,39,40,49,37,n/a,37,25,31,20,25,23,17,22,n/a
4/22/2021,42,31,43,37,35,32,38,88,45,47,42,57,38,34,31,43,36,37,41,60,39,36,29,71,111,37,35,26,16,36,59,35,38,n/a,12,51,61,n/a,n/a,44,29,20,38,28,35,40,30,45,13,34,25,71,56,60,43,39,60,46,55,155,65,58,50,62,44,50,47,46,n/a,40,24,37,20,21,21,16,29,n/a
4/23/2021,38,35,47,40,42,31,38,68,45,40,42,52,40,32,30,50,42,30,38,48,38,32,30,70,90,38,35,30,20,41,55,39,58,n/a,11,32,58,n/a,n/a,54,34,34,38,34,42,46,33,57,22,42,27,79,65,72,53,51,71,57,67,201,59,72,64,76,60,66,55,60,n/a,41,25,40,18,22,20,16,26,n/a
4/24/2021,39,38,52,42,45,32,41,67,48,42,42,57,45,34,33,55,44,30,36,44,35,42,36,72,73,38,41,31,20,42,59,43,55,n/a,11,35,67,n/a,n/a,45,33,27,32,28,40,46,34,53,21,37,31,82,66,81,56,55,76,59,71,175,59,85,69,69,65,71,67,56,n/a,41,27,31,17,18,19,12,33,n/a
4/25/2021,40,32,n/a,40,41,33,37,66,43,41,39,54,41,32,32,49,39,27,36,43,42,40,37,73,94,36,38,29,21,40,68,38,55,n/a,10,48,72,n/a,n/a,53,41,34,42,39,42,44,37,54,23,44,32,56,50,71,59,60,76,57,38,93,56,83,67,46,69,64,62,59,n/a,41,24,31,15,16,21,13,23,n/a
4/26/2021,41,33,n/a,40,42,34,36,67,49,43,42,57,44,32,32,50,46,29,36,46,37,28,26,53,105,32,33,21,18,30,72,41,36,n/a,11,45,53,n/a,n/a,50,37,27,39,33,41,43,44,60,17,34,31,47,36,40,30,31,43,45,n/a,39,37,55,42,37,44,34,37,41,n/a,39,25,35,20,24,20,21,26,n/a
4/27/2021,33,28,n/a,32,35,24,30,54,39,35,43,60,36,31,27,51,46,24,32,39,45,28,32,64,179,37,28,20,17,24,30,29,23,n/a,12,20,15,n/a,n/a,41,30,21,37,28,38,43,28,48,16,36,28,35,28,32,25,23,32,29,23,41,24,35,31,28,28,31,27,21,n/a,41,23,26,16,21,21,13,25,n/a
4/28/2021,44,41,n/a,41,47,33,45,67,55,46,59,75,46,35,33,61,45,36,36,48,51,25,36,65,126,39,36,33,19,23,40,33,29,n/a,11,37,29,n/a,n/a,n/a,38,24,36,38,39,40,30,42,15,31,27,29,21,28,17,19,n/a,28,19,39,13,33,29,20,21,26,25,25,n/a,43,27,34,21,21,20,16,31,n/a
4/29/2021,31,28,43,28,33,21,30,60,35,33,46,52,31,23,20,44,31,22,26,36,33,21,27,50,90,30,31,26,13,19,35,24,19,n/a,11,34,21,n/a,n/a,n/a,25,17,28,19,29,26,26,38,11,24,26,28,17,28,16,17,24,20,20,38,14,33,24,21,19,18,21,19,n/a,40,28,38,25,23,20,20,30,n/a
4/30/2021,34,30,46,35,37,23,38,58,41,34,48,68,34,27,23,46,47,25,31,31,39,31,28,61,116,42,36,14,14,23,41,27,19,n/a,11,30,25,n/a,n/a,38,33,21,35,n/a,33,39,32,39,13,21,31,23,19,20,14,12,22,23,20,39,15,32,21,15,20,16,25,17,n/a,44,28,36,20,24,17,24,31,n/a
5/1/2021,30,21,46,27,30,26,26,54,31,28,27,47,28,18,21,41,34,18,21,29,20,24,23,50,77,42,28,14,11,19,34,25,23,n/a,11,29,33,n/a,n/a,44,37,21,35,n/a,39,49,34,47,12,31,34,26,16,27,18,14,31,28,19,33,15,35,20,20,23,18,32,16,n/a,44,27,34,18,22,21,18,28,n/a
5/2/2021,36,34,41,38,41,32,40,63,43,35,47,59,39,25,26,52,49,28,32,35,30,n/a,32,61,104,39,29,23,14,25,42,26,27,n/a,12,29,33,n/a,n/a,43,39,28,38,33,39,42,35,53,16,35,37,32,26,23,23,n/a,24,37,21,38,14,37,24,23,20,25,28,25,n/a,39,27,30,17,24,23,18,25,n/a
5/3/2021,45,36,29,40,47,33,40,65,53,47,53,66,46,30,32,53,49,30,30,49,40,n/a,33,61,165,40,29,17,13,31,48,34,29,n/a,13,30,35,n/a,n/a,41,37,28,39,33,38,42,34,46,19,39,35,32,26,27,25,19,31,37,24,44,22,38,27,24,31,27,27,32,n/a,38,27,30,20,26,20,22,30,n/a
5/4/2021,40,40,41,44,46,34,45,71,48,42,64,74,46,30,34,47,50,28,30,48,33,38,39,71,152,44,37,21,17,31,47,42,33,n/a,15,60,42,n/a,n/a,41,40,28,44,46,34,47,33,47,29,49,36,36,33,35,32,21,n/a,42,41,62,25,45,24,34,38,34,31,35,n/a,44,32,29,20,27,24,26,32,n/a
5/5/2021,42,44,48,45,45,36,47,67,53,50,59,75,51,42,34,63,65,39,32,51,41,34,39,68,161,50,35,26,17,30,54,37,35,n/a,13,56,27,n/a,n/a,48,45,28,49,51,46,55,39,51,28,53,33,39,29,38,32,21,42,44,30,40,20,50,31,35,39,32,39,39,n/a,42,36,25,20,31,21,20,25,n/a
5/6/2021,37,37,34,34,37,27,34,54,42,36,47,61,39,31,26,50,42,25,25,41,46,22,37,53,134,36,44,25,n/a,32,44,33,31,n/a,15,39,23,n/a,n/a,41,34,27,37,30,34,39,28,46,20,36,32,39,31,40,25,23,40,40,14,26,n/a,47,28,35,34,31,39,36,n/a,35,29,27,16,22,21,n/a,20,n/a
5/7/2021,32,26,26,23,27,24,26,55,33,32,48,45,32,25,23,47,38,23,21,34,45,23,25,44,138,29,29,18,18,17,54,29,35,n/a,10,52,34,n/a,n/a,33,27,24,26,31,29,32,25,40,11,32,25,34,24,29,25,19,34,34,19,32,n/a,39,25,28,27,32,44,42,n/a,33,26,22,n/a,20,19,18,24,n/a
5/8/2021,43,44,38,36,42,30,39,75,50,47,60,65,45,40,36,62,54,28,24,54,41,28,29,51,167,50,31,21,15,20,60,32,39,n/a,10,69,44,n/a,n/a,40,30,23,34,38,34,43,29,66,24,46,31,35,30,41,26,25,39,39,25,42,22,45,26,35,36,41,35,27,n/a,38,24,29,n/a,23,23,25,28,n/a
5/9/2021,35,31,n/a,32,35,26,33,58,39,34,49,52,36,26,28,50,43,23,22,33,36,22,26,49,90,43,24,13,17,19,60,29,34,n/a,10,44,56,n/a,n/a,48,43,28,45,44,41,44,33,60,19,41,30,30,24,27,24,23,29,24,18,41,17,51,23,27,28,30,20,n/a,n/a,37,27,27,18,22,22,18,27,n/a
5/10/2021,31,26,23,29,31,29,28,66,36,32,37,50,31,20,22,37,31,23,23,48,29,25,24,55,94,37,24,13,18,19,54,35,28,n/a,8,43,50,n/a,n/a,44,29,22,36,39,37,42,28,65,20,41,27,34,29,30,24,17,25,38,25,46,23,50,27,29,27,24,25,25,n/a,43,28,28,18,25,25,26,27,n/a
5/11/2021,31,24,30,26,32,26,29,58,35,30,37,47,29,21,19,37,30,20,20,40,24,31,24,51,87,30,29,17,17,24,53,32,26,n/a,10,51,42,n/a,n/a,39,28,20,31,33,40,37,28,48,15,35,28,31,22,28,19,16,25,28,22,40,18,45,25,21,28,26,22,23,n/a,44,29,24,16,23,22,19,24,n/a
5/12/2021,29,18,26,24,32,22,23,57,32,25,27,44,26,20,17,33,24,17,17,38,24,24,24,52,75,28,28,16,15,22,52,31,29,n/a,7,27,42,n/a,n/a,42,24,18,27,27,36,28,24,45,16,36,30,30,23,27,20,15,28,33,21,26,14,48,24,19,29,27,22,28,n/a,41,22,39,16,18,22,20,21,n/a
5/13/2021,24,15,22,21,31,19,21,51,28,22,23,39,25,14,16,31,24,17,19,40,21,24,23,47,118,27,25,17,14,21,55,37,29,n/a,8,35,37,n/a,n/a,34,23,14,27,27,31,32,19,47,18,34,28,29,24,30,18,15,31,35,21,35,14,46,25,22,28,26,24,27,n/a,37,24,37,15,20,21,22,21,n/a
5/14/2021,24,14,21,22,29,20,22,47,27,24,22,45,24,15,16,32,22,18,20,43,37,22,27,47,104,25,29,17,14,24,62,37,29,n/a,6,55,41,n/a,n/a,31,20,12,23,26,30,31,21,37,13,35,28,35,31,30,22,17,36,40,23,38,22,47,24,26,30,27,25,30,n/a,43,27,34,15,24,25,18,21,n/a
5/15/2021,26,16,24,23,34,23,23,45,30,26,26,52,26,14,19,33,29,17,22,40,23,33,25,48,80,28,29,17,17,21,64,36,31,n/a,7,42,31,n/a,n/a,35,23,14,26,33,34,34,25,52,13,30,30,42,34,35,26,19,39,36,34,51,34,54,29,34,37,32,33,31,n/a,49,25,31,16,19,28,15,26,n/a
5/16/2021,24,12,24,22,25,18,23,45,22,21,21,41,20,11,13,30,25,13,19,30,17,n/a,19,48,85,26,29,16,14,22,45,33,34,n/a,8,37,31,n/a,n/a,34,25,14,26,29,26,33,26,39,11,26,27,42,37,42,35,25,43,37,33,54,28,48,36,36,43,36,39,32,n/a,48,27,36,15,20,24,22,22,n/a
5/17/2021,27,19,24,21,30,20,24,46,31,25,26,46,25,16,17,35,24,16,20,37,27,n/a,21,50,102,31,24,17,13,20,49,32,35,n/a,9,34,48,n/a,n/a,33,30,17,25,30,28,35,29,49,14,35,28,51,42,44,36,26,42,n/a,45,77,24,55,36,35,40,39,37,31,n/a,40,26,36,16,24,24,15,18,n/a
5/18/2021,20,13,26,19,30,18,22,43,27,21,20,40,22,12,18,31,29,12,16,33,17,23,22,46,74,25,30,18,14,21,72,31,32,n/a,10,19,30,n/a,n/a,35,30,14,19,27,30,34,27,49,13,27,27,45,36,45,39,25,46,35,45,74,25,58,33,36,37,37,39,30,n/a,34,23,30,25,22,25,16,22,n/a
5/19/2021,28,24,25,23,29,22,23,44,32,30,34,57,32,24,24,43,34,16,20,29,36,26,21,45,64,28,24,15,15,23,54,27,30,n/a,10,24,41,n/a,n/a,34,39,24,31,31,33,37,27,39,13,30,28,43,33,43,35,24,39,40,41,n/a,28,47,32,31,36,36,30,30,n/a,36,28,34,18,22,24,18,31,n/a
5/20/2021,24,19,23,23,34,20,24,47,36,29,30,60,28,17,21,38,28,16,19,35,19,23,18,44,63,28,25,12,12,22,56,32,29,n/a,9,20,42,n/a,n/a,30,36,18,23,34,33,33,24,39,11,25,25,43,32,44,29,24,41,36,43,n/a,25,51,32,34,41,35,37,30,n/a,34,27,32,20,20,23,18,24,n/a
5/21/2021,21,19,20,17,27,21,20,44,28,24,36,47,25,16,16,35,27,13,16,29,23,13,15,41,55,28,15,9,12,16,49,35,29,n/a,9,26,44,n/a,n/a,32,32,24,26,29,31,36,23,43,9,28,23,45,36,46,28,25,37,34,41,54,20,56,30,31,41,41,24,30,n/a,33,26,33,25,21,26,14,24,n/a
5/22/2021,23,18,21,18,24,21,21,45,29,27,25,44,24,16,17,30,26,12,14,32,32,13,11,36,37,26,16,9,11,12,46,27,32,n/a,9,22,42,n/a,n/a,29,27,18,23,29,24,24,16,34,12,26,22,35,29,33,23,19,29,23,40,59,n/a,50,27,24,30,34,21,22,n/a,31,31,36,20,20,24,20,18,n/a
5/23/2021,23,18,18,21,24,20,19,41,25,25,23,47,24,14,17,30,21,12,14,33,29,12,14,38,53,24,17,8,11,13,46,24,29,n/a,11,25,35,n/a,n/a,33,28,22,32,28,23,27,16,38,15,29,24,25,20,24,22,15,22,21,39,47,12,41,25,19,26,32,14,21,n/a,35,35,36,24,25,29,30,21,n/a
5/24/2021,26,22,24,22,27,21,25,44,32,28,30,53,27,20,19,36,27,16,17,33,24,16,17,44,56,27,19,13,15,18,41,27,27,n/a,10,17,22,n/a,n/a,33,33,20,32,34,30,31,20,40,21,35,26,21,15,23,16,13,22,26,25,51,9,42,21,15,20,21,19,24,n/a,39,32,39,29,35,31,23,25,n/a
5/25/2021,30,22,26,26,28,20,24,46,34,31,30,55,27,21,19,36,26,15,16,41,30,16,20,42,102,30,23,13,16,18,32,21,20,n/a,9,15,13,n/a,n/a,34,32,20,34,28,35,29,22,39,14,35,22,25,21,21,11,11,21,24,16,34,13,27,17,18,15,14,24,19,n/a,40,34,34,29,32,29,24,25,n/a
5/26/2021,30,25,25,26,n/a,21,25,46,34,31,32,54,32,24,22,37,28,21,20,42,38,18,23,41,71,26,26,14,16,20,34,34,27,n/a,8,17,17,n/a,n/a,32,30,16,32,30,27,32,21,41,16,32,22,32,24,29,16,17,27,33,18,38,17,40,23,23,23,18,21,29,n/a,33,27,31,28,28,29,20,18,n/a
5/27/2021,32,25,29,25,33,26,27,46,38,35,32,58,31,24,21,39,32,27,22,39,31,21,22,50,61,31,26,16,16,23,43,31,31,n/a,8,16,17,n/a,n/a,30,39,17,32,26,36,32,23,38,12,23,22,35,31,31,25,23,34,30,21,38,25,43,25,26,27,28,29,40,n/a,36,35,31,23,21,23,n/a,24,n/a
5/28/2021,24,20,25,23,34,18,23,44,30,26,25,65,26,16,16,39,29,16,18,26,23,31,21,n/a,102,20,26,12,13,17,37,29,25,n/a,10,21,22,n/a,n/a,27,30,18,24,30,31,28,24,32,13,24,19,33,28,31,20,16,32,32,14,26,24,36,18,24,20,21,19,21,n/a,37,24,32,24,23,23,15,25,n/a
5/29/2021,22,16,22,18,26,18,21,40,26,21,21,54,24,16,13,36,22,13,18,30,29,17,16,35,55,18,20,17,15,14,31,23,19,n/a,9,22,27,n/a,n/a,27,30,23,23,28,25,24,18,31,11,24,23,28,24,24,22,18,n/a,30,20,n/a,10,34,20,20,19,21,13,19,n/a,38,28,32,22,24,26,23,27,n/a
5/30/2021,16,12,22,14,22,16,19,42,20,17,15,44,19,13,12,28,18,10,12,28,18,20,15,36,38,20,19,11,11,16,34,20,23,n/a,10,23,27,n/a,n/a,27,30,19,19,26,22,22,16,33,13,23,25,21,16,21,19,14,21,22,18,32,10,36,20,16,20,21,11,15,n/a,39,32,37,20,22,23,35,30,n/a
5/31/2021,24,19,25,20,26,22,21,43,28,25,27,48,27,16,15,34,23,15,15,30,26,16,19,41,n/a,23,25,12,13,13,39,26,25,n/a,12,24,33,n/a,n/a,30,32,18,22,28,28,27,23,38,16,29,26,22,18,18,11,13,19,22,13,17,12,37,23,17,18,16,15,15,n/a,44,35,39,26,25,21,26,34,n/a
6/1/2021,26,22,26,23,29,20,24,46,30,25,25,51,28,19,17,37,26,15,17,36,28,17,21,45,56,28,26,12,16,17,41,29,27,n/a,10,30,34,n/a,n/a,32,34,23,25,33,34,33,24,40,17,32,31,33,25,28,18,19,27,28,24,38,20,39,23,25,22,25,17,17,n/a,34,32,45,23,27,22,25,29,n/a
6/2/2021,31,21,29,26,29,23,25,45,32,28,31,51,29,22,19,38,27,17,19,34,26,17,23,45,69,28,27,9,17,20,46,30,28,n/a,12,36,34,n/a,n/a,40,38,21,29,39,36,40,26,44,17,33,28,43,37,42,27,28,39,28,36,59,29,50,28,36,27,40,20,22,n/a,39,28,40,23,28,23,23,33,n/a
6/3/2021,28,19,27,19,29,17,22,43,26,25,26,53,26,20,16,35,24,16,20,34,26,18,22,44,52,27,26,17,19,21,48,31,29,n/a,15,44,33,n/a,n/a,35,35,24,23,39,33,30,22,46,19,32,29,50,38,49,40,33,52,29,40,58,32,56,32,40,43,49,31,30,n/a,40,30,41,24,25,25,24,27,n/a
6/4/2021,28,23,30,25,30,22,26,45,32,28,33,53,30,20,22,39,29,16,18,34,25,18,22,46,51,30,27,19,18,24,53,33,34,n/a,15,35,35,n/a,n/a,34,38,22,26,34,35,40,34,43,19,33,32,41,33,49,36,30,48,38,23,38,32,47,27,39,39,31,38,44,n/a,35,31,41,22,21,24,22,25,n/a
6/5/2021,29,22,28,25,29,20,25,44,33,31,33,51,29,23,21,37,27,19,19,38,30,18,22,42,49,32,22,17,16,22,57,40,30,n/a,13,23,20,n/a,n/a,33,35,20,26,39,31,32,23,37,21,35,29,26,21,32,20,16,33,35,19,n/a,13,35,25,25,21,22,22,33,n/a,40,26,34,21,19,22,19,25,n/a
6/6/2021,26,22,23,19,25,19,21,41,27,27,24,43,28,18,18,35,25,14,16,36,38,13,16,38,n/a,24,20,13,13,15,49,27,24,n/a,13,21,22,n/a,n/a,30,31,15,21,32,23,25,19,33,17,29,25,32,25,32,19,19,28,24,23,36,12,32,22,26,19,24,13,22,n/a,39,31,36,22,21,23,17,26,n/a
6/7/2021,22,18,22,17,22,16,19,39,27,24,24,41,24,16,15,31,23,13,15,32,29,14,16,38,53,21,19,13,12,12,32,25,21,n/a,11,15,18,n/a,n/a,28,27,19,20,28,28,23,15,34,12,26,21,30,24,29,18,18,31,25,23,43,14,35,21,24,20,25,14,21,n/a,37,38,38,28,27,27,24,27,n/a
6/8/2021,24,18,23,17,25,21,23,39,28,27,23,40,23,15,16,30,25,16,18,36,26,15,17,37,37,20,20,14,10,12,36,25,20,n/a,9,16,15,n/a,n/a,26,29,29,19,27,31,19,15,45,12,27,11,29,26,23,16,18,25,21,20,37,11,33,21,22,22,22,8,19,n/a,41,36,40,28,30,29,23,25,n/a
6/9/2021,22,14,20,18,26,17,19,39,27,23,20,43,22,16,13,27,22,12,15,40,23,16,13,37,62,17,22,14,11,12,32,18,18,n/a,12,17,13,n/a,n/a,27,29,19,20,29,27,20,16,41,13,28,15,20,14,19,12,11,18,24,13,25,9,28,18,14,15,16,10,15,n/a,36,27,39,27,33,31,25,24,n/a
6/10/2021,24,18,22,19,22,21,19,39,30,27,26,43,20,13,11,28,20,16,15,32,27,17,12,31,49,20,16,9,10,11,28,24,18,n/a,12,15,13,n/a,n/a,25,23,19,24,36,29,25,14,36,10,25,10,23,17,23,13,15,20,20,10,28,9,30,14,18,16,17,11,16,n/a,29,29,42,25,25,25,18,23,n/a
6/11/2021,31,28,24,20,26,22,23,48,30,33,31,54,28,22,19,39,32,18,15,34,31,16,17,35,60,25,20,30,12,11,31,29,19,n/a,14,15,18,n/a,n/a,31,28,20,26,36,27,27,20,31,13,30,14,25,15,19,14,18,19,22,13,25,10,30,19,21,18,21,11,18,n/a,34,31,36,23,24,22,23,25,n/a
6/12/2021,35,33,34,29,34,26,34,51,37,39,39,65,38,33,34,48,35,25,23,49,39,21,28,40,63,29,34,16,19,15,32,31,21,n/a,12,14,14,n/a,n/a,33,33,26,30,33,40,32,21,38,27,42,20,25,20,21,20,15,16,33,15,23,10,29,n/a,18,19,17,14,20,n/a,36,28,33,31,32,25,19,23,n/a
6/13/2021,36,31,35,33,36,25,36,61,40,42,36,61,37,29,30,45,34,27,25,42,37,23,27,42,86,28,33,15,19,19,28,28,18,n/a,14,19,13,n/a,n/a,35,38,26,31,33,40,33,24,41,24,30,29,27,20,21,15,20,19,31,18,24,9,32,18,18,19,20,14,18,n/a,35,27,42,21,37,30,30,23,n/a
6/14/2021,29,24,32,25,30,19,31,55,36,29,32,52,28,22,20,36,27,19,22,53,28,32,23,46,55,28,28,19,14,20,37,28,18,n/a,14,18,25,n/a,n/a,32,35,23,30,38,39,28,21,30,21,25,21,24,15,18,14,11,17,28,8,13,11,n/a,10,18,15,13,14,21,n/a,32,26,37,22,29,27,24,20,n/a
6/15/2021,24,22,23,19,27,17,26,49,29,26,26,44,28,n/a,20,34,22,13,15,41,28,18,17,43,61,28,22,11,14,13,30,26,23,n/a,15,15,22,n/a,n/a,28,28,15,21,32,30,24,16,27,18,24,15,21,15,18,11,13,21,23,13,24,8,n/a,11,17,16,17,8,13,n/a,36,26,34,22,24,27,21,20,n/a
6/16/2021,21,17,21,18,27,17,23,43,26,23,19,44,23,n/a,13,32,20,13,16,36,20,25,14,41,63,17,24,11,10,10,30,25,19,n/a,16,16,18,n/a,n/a,30,30,18,24,32,36,26,17,34,16,29,16,22,17,n/a,10,14,19,25,14,24,10,29,19,17,16,18,11,15,n/a,37,27,38,20,25,23,24,23,n/a
6/17/2021,25,26,25,19,25,21,27,44,33,28,27,49,28,17,18,31,25,16,18,32,30,22,16,38,45,22,23,12,12,13,33,27,16,n/a,15,17,18,n/a,n/a,38,41,21,31,38,37,30,21,36,20,30,19,25,17,18,12,13,19,23,13,24,10,27,15,19,16,18,11,19,n/a,41,28,36,26,28,27,24,31,n/a
6/18/2021,27,21,26,22,27,19,28,46,32,29,29,63,29,21,22,40,38,15,n/a,33,32,20,22,40,62,28,25,15,16,17,38,30,21,n/a,16,27,26,n/a,n/a,29,39,19,26,29,35,30,27,35,24,32,20,25,17,21,13,14,20,26,16,32,7,33,18,16,19,18,17,24,n/a,44,30,37,24,25,26,25,30,n/a
6/19/2021,28,23,26,21,25,21,26,45,30,31,29,45,28,21,19,40,33,17,19,32,31,19,22,43,58,31,24,15,17,22,41,34,25,n/a,19,29,32,n/a,n/a,39,35,21,27,24,35,34,26,36,28,37,20,27,20,28,20,16,25,30,20,36,12,45,24,25,27,25,18,35,n/a,46,31,41,19,26,31,25,41,n/a
6/20/2021,29,26,31,26,28,23,31,41,33,32,37,50,32,22,21,41,30,22,24,38,34,22,27,46,57,28,32,25,19,33,47,36,30,n/a,19,37,36,n/a,n/a,35,32,23,23,32,31,31,24,39,30,37,18,33,25,33,22,19,28,32,18,25,17,41,23,25,27,23,22,41,n/a,39,29,34,14,19,17,20,21,n/a
6/21/2021,44,41,52,46,44,39,48,59,51,47,49,61,46,37,35,53,41,38,39,62,52,n/a,44,74,90,57,44,46,39,60,64,51,49,n/a,22,41,52,n/a,n/a,39,46,26,34,43,45,40,32,50,46,54,18,51,39,53,43,32,52,63,38,72,21,61,38,35,49,50,38,77,n/a,41,28,30,18,17,20,17,25,n/a
6/22/2021,58,55,67,62,58,45,61,70,65,61,63,76,61,56,51,72,60,48,47,73,64,n/a,51,79,80,61,54,43,42,55,76,61,38,n/a,18,60,69,n/a,n/a,49,51,35,46,45,65,53,45,54,46,62,27,33,25,31,20,17,28,38,20,36,17,49,28,30,32,25,27,55,n/a,40,26,41,24,25,23,18,23,n/a
6/23/2021,39,36,40,36,37,31,39,60,45,39,41,59,41,34,32,51,42,25,24,47,42,28,30,54,64,39,29,22,25,25,59,47,n/a,40,13,38,44,39,37,35,41,27,31,37,43,35,27,43,33,45,28,31,24,33,22,16,32,34,21,36,12,47,24,22,31,27,20,41,35,35,33,30,29,29,28,18,26,n/a
6/24/2021,26,21,25,21,25,23,28,43,32,29,30,44,29,21,18,34,25,17,20,34,33,19,25,46,64,28,24,17,18,22,44,30,n/a,22,11,26,27,22,19,31,28,17,23,24,34,37,16,31,23,30,17,27,22,27,14,13,24,24,17,35,10,35,19,22,21,20,24,36,27,40,28,38,28,30,27,32,39,n/a
6/25/2021,32,33,32,31,36,28,37,46,40,36,35,56,40,28,29,49,37,24,22,38,40,29,28,57,61,38,30,20,24,24,43,38,n/a,32,10,30,25,20,17,36,42,28,37,40,45,36,24,37,28,41,24,29,22,22,16,15,23,32,15,29,8,36,22,18,26,24,23,41,32,36,24,30,26,24,24,16,27,17
6/26/2021,29,26,25,25,34,22,31,41,36,30,27,49,32,24,22,41,34,19,20,37,30,27,27,48,65,27,31,13,21,21,47,30,n/a,29,10,35,38,22,19,38,42,24,28,36,45,31,27,37,26,31,23,24,21,24,18,15,28,29,12,17,9,39,19,20,31,18,18,28,35,41,31,35,19,19,23,27,30,21
6/27/2021,20,18,21,21,25,20,26,35,25,23,19,41,25,19,15,35,26,15,17,29,19,23,23,47,52,26,30,11,18,20,42,28,n/a,19,10,35,23,14,17,35,38,31,22,30,36,29,21,36,25,31,20,28,24,23,14,16,18,27,14,22,9,34,16,21,18,20,17,23,27,33,27,37,17,22,26,24,29,25
6/28/2021,27,21,23,23,28,21,28,39,34,30,28,49,30,21,19,42,26,18,18,27,32,27,26,36,76,18,24,13,19,14,28,25,n/a,16,8,25,15,10,16,29,36,28,21,33,36,27,23,34,20,34,17,23,20,22,12,13,19,25,14,21,9,28,13,19,16,18,17,14,17,24,32,33,16,19,24,27,26,21
6/30/2021,31,30,28,27,35,26,34,51,40,38,34,64,38,33,25,53,43,23,18,39,42,30,25,42,59,24,31,15,23,20,31,33,n/a,19,9,21,15,11,13,35,40,35,28,28,36,38,31,33,19,29,20,27,23,23,13,18,23,32,18,27,13,30,16,20,16,26,23,20,18,24,26,30,20,17,23,14,24,16
6/30/2021,25,21,26,23,27,21,30,47,31,28,32,52,26,21,19,35,36,18,17,40,33,26,16,36,40,17,25,13,16,15,36,24,n/a,16,9,19,23,17,18,35,35,27,25,30,34,30,24,33,19,26,16,27,25,23,14,14,22,30,16,31,9,33,20,18,20,19,15,21,22,18,31,36,17,20,22,24,23,21
7/1/2021,22,18,17,19,23,22,24,44,28,25,22,38,22,16,14,36,27,16,14,30,22,25,17,38,45,20,21,13,15,15,36,26,n/a,16,9,20,22,16,18,28,34,30,25,34,34,31,20,35,18,28,14,24,24,21,13,16,20,22,14,20,9,30,17,19,18,19,16,17,19,23,31,34,19,25,n/a,27,31,26
7/2/2021,30,22,25,26,26,22,28,41,33,31,26,51,28,24,19,36,30,15,15,36,31,19,17,33,65,17,21,6,14,12,33,28,n/a,14,10,26,23,17,15,29,34,30,22,28,30,25,24,28,17,31,13,22,20,21,12,14,19,22,12,22,8,28,16,16,17,18,12,14,18,22,27,37,23,23,n/a,26,25,24
7/3/2021,22,17,n/a,18,19,21,23,42,25,25,26,44,26,21,15,35,27,14,13,34,21,19,14,40,65,25,20,9,14,16,34,30,n/a,17,11,35,29,20,20,30,31,41,24,33,24,26,19,33,22,33,16,23,19,19,14,15,20,23,16,23,9,30,17,19,21,19,11,16,22,21,22,33,25,24,25,23,32,23
7/4/2021,18,16,n/a,16,19,18,21,36,24,23,27,41,21,17,11,33,26,13,15,27,19,22,16,45,84,29,24,7,17,21,39,35,n/a,17,11,37,32,26,21,34,27,32,20,29,22,n/a,19,40,27,34,13,22,20,20,15,13,19,31,15,27,10,33,17,17,19,22,18,18,27,17,24,32,21,19,23,22,27,18
7/5/2021,20,16,19,17,20,20,24,41,27,25,27,42,22,18,11,34,36,18,16,26,22,21,15,46,81,29,16,11,14,18,44,30,n/a,16,13,38,32,27,28,32,31,32,21,29,31,n/a,25,33,21,30,11,25,21,20,12,13,20,28,17,30,8,35,23,17,17,28,18,21,28,18,23,32,21,20,23,23,28,14
7/6/2021,24,19,18,19,21,20,24,44,27,27,24,44,25,21,14,36,26,20,16,39,29,23,15,36,50,28,20,10,16,20,36,28,n/a,15,10,23,16,14,13,26,33,21,22,22,27,28,21,30,19,29,18,23,19,21,10,10,23,38,13,26,12,32,19,19,18,18,17,31,24,21,28,32,22,18,21,16,19,11
7/7/2021,21,22,21,17,23,19,25,n/a,27,27,21,46,27,21,19,36,22,21,14,33,35,20,12,33,64,17,18,9,11,12,32,27,n/a,16,10,20,17,18,15,28,28,16,22,24,29,26,15,27,16,24,12,20,16,19,12,9,28,31,12,22,10,29,18,15,13,15,12,18,18,20,33,32,25,27,25,25,26,18
7/8/2021,21,21,24,15,20,18,22,42,25,23,20,42,27,21,19,42,26,17,13,31,29,20,13,32,75,17,20,7,10,12,26,19,n/a,10,13,16,17,12,9,26,25,11,24,25,25,22,16,31,18,24,8,26,19,18,11,10,18,26,12,25,10,22,14,19,13,15,11,16,18,20,29,38,30,32,29,23,25,19
7/9/2021,21,18,26,20,25,18,24,41,28,23,21,50,24,17,14,37,30,15,18,31,27,27,18,35,93,15,22,8,14,15,28,24,n/a,12,13,15,17,8,8,25,31,14,22,26,26,21,28,28,17,14,n/a,19,17,18,11,14,18,33,10,26,10,26,18,15,12,13,14,13,18,19,26,32,21,27,30,24,14,12
7/10/2021,18,15,20,20,23,19,25,34,25,21,19,47,22,12,11,31,26,16,20,18,21,34,16,34,104,23,22,11,11,11,29,17,n/a,14,15,18,17,9,8,25,27,10,18,23,26,24,23,29,14,15,5,21,18,20,13,10,22,26,11,17,13,28,17,17,13,14,14,13,21,17,22,23,16,19,n/a,18,18,10
7/11/2021,15,11,12,14,18,17,19,n/a,19,19,12,40,20,9,10,30,24,8,12,16,15,26,13,28,55,10,18,12,8,9,30,18,n/a,15,13,29,20,15,14,23,30,13,20,22,20,21,17,25,14,13,n/a,18,15,18,9,9,22,20,13,19,11,32,17,15,13,14,11,10,17,20,25,23,19,16,n/a,25,20,13
7/12/2021,17,15,17,19,22,15,22,n/a,22,19,16,40,21,11,12,28,25,10,13,26,21,22,14,37,66,18,22,17,14,16,34,26,n/a,16,13,22,22,13,14,28,35,12,22,29,34,31,21,33,16,26,n/a,21,16,19,12,11,n/a,30,12,25,10,34,17,17,18,18,8,14,23,24,35,35,22,26,22,31,27,21
7/13/2021,27,23,23,22,27,24,29,n/a,31,30,29,53,29,24,19,42,43,18,17,40,28,24,17,41,73,30,24,12,15,21,36,29,n/a,16,14,22,17,11,14,31,48,23,31,41,42,35,32,35,17,33,14,24,17,20,14,13,24,30,16,22,11,32,13,18,19,18,14,18,25,32,41,32,25,30,28,41,34,26
7/14/2021,34,28,35,38,39,30,n/a,n/a,45,36,46,69,30,17,17,39,43,27,27,42,30,45,21,43,72,26,32,15,20,19,36,30,n/a,18,13,16,17,15,14,27,37,23,33,33,39,37,26,36,19,31,15,26,18,25,17,13,30,33,14,22,11,34,15,19,21,21,12,22,29,35,32,37,25,28,23,27,42,22
7/15/2021,28,20,23,24,26,21,28,n/a,30,32,26,44,28,16,17,37,33,19,18,35,25,25,13,43,70,22,20,10,12,13,32,35,n/a,15,14,15,15,14,14,26,30,16,29,35,38,29,21,39,18,32,10,26,16,27,16,12,30,29,11,27,10,32,17,18,24,21,11,19,27,26,24,36,33,27,30,37,20,14
7/16/2021,26,18,24,23,26,23,27,40,29,29,25,43,29,20,18,41,33,18,17,38,35,26,18,37,50,21,22,10,13,11,36,25,n/a,18,14,20,14,15,14,22,30,14,22,43,32,21,16,34,19,27,10,22,16,20,13,9,19,23,12,25,8,30,17,17,15,19,11,17,21,26,26,30,27,28,35,35,26,16
7/17/2021,29,21,21,20,25,21,27,41,26,31,22,51,28,19,16,33,25,17,15,35,32,26,16,36,36,22,23,9,14,11,35,24,n/a,17,14,24,20,16,17,23,29,12,25,27,32,21,15,28,17,25,15,22,19,19,15,12,20,20,16,24,9,29,16,19,16,18,11,17,19,32,36,48,33,41,42,54,36,32
7/18/2021,19,18,17,18,20,18,22,38,22,22,20,42,23,14,13,29,19,13,12,29,31,19,12,35,39,17,18,9,13,10,28,22,n/a,17,13,18,19,19,15,23,30,14,21,32,30,24,15,29,14,26,21,23,17,17,12,11,17,17,10,23,12,31,16,17,16,16,9,16,18,37,41,55,42,47,42,46,37,34
7/19/2021,16,13,14,14,18,15,19,35,21,19,14,32,19,15,10,25,18,n/a,9,28,25,14,10,33,32,18,19,9,11,7,25,22,n/a,12,12,15,18,13,13,24,28,13,21,27,41,31,14,29,21,26,21,23,14,17,9,12,17,20,n/a,24,10,29,13,15,15,14,8,15,20,35,39,55,42,45,33,49,38,33
7/20/2021,17,14,15,14,19,15,21,36,20,19,13,30,19,18,11,27,18,13,12,30,17,18,11,33,34,18,19,11,11,11,28,21,n/a,12,11,17,15,10,11,23,32,15,25,26,42,25,17,28,18,n/a,22,20,14,19,10,9,19,25,8,15,9,28,11,19,14,14,8,19,18,36,39,48,40,44,38,44,29,31
7/21/2021,18,15,16,15,21,16,23,37,20,20,14,35,22,19,11,29,21,13,10,30,17,17,15,38,39,20,24,15,12,17,30,24,n/a,13,13,19,18,16,15,23,30,17,25,30,38,27,19,30,19,25,23,22,17,17,11,12,19,26,8,20,10,27,15,18,13,16,13,22,20,32,36,55,41,47,40,54,28,30
7/22/2021,31,30,30,28,34,24,35,42,35,33,27,53,37,34,25,45,34,23,18,43,32,28,24,44,41,29,34,23,22,26,39,31,n/a,17,12,27,17,17,19,27,41,30,39,35,46,36,31,42,29,34,27,21,17,17,9,16,17,36,8,21,9,26,15,17,14,17,13,27,21,34,34,49,41,40,37,43,22,25
7/23/2021,23,23,23,23,28,21,30,43,31,29,24,47,28,28,18,37,29,18,16,40,26,29,20,40,69,26,28,18,18,18,33,33,n/a,16,11,28,15,15,16,25,35,20,33,31,39,33,23,40,25,38,34,27,19,21,13,14,20,27,9,19,11,29,14,21,16,15,16,22,24,34,35,49,25,37,30,46,28,27
7/24/2021,30,29,32,29,34,25,36,43,35,36,34,51,34,33,25,43,33,22,19,47,36,36,27,44,43,24,32,22,22,28,26,23,n/a,13,10,19,9,10,9,27,41,28,41,36,40,35,28,39,23,31,38,27,20,20,15,16,22,34,10,17,10,26,15,20,21,16,11,18,20,34,36,40,26,35,30,32,26,30
7/25/2021,21,17,20,20,22,20,25,37,24,24,17,43,23,19,14,31,21,15,14,30,22,21,17,33,33,16,22,12,12,13,25,17,n/a,16,12,13,15,14,13,23,30,17,28,26,28,24,20,30,18,25,30,31,25,24,13,20,21,23,12,24,13,34,21,25,16,21,11,19,18,33,30,36,32,35,25,41,29,24
7/26/2021,24,20,22,25,26,19,27,45,29,29,24,48,27,21,17,33,26,19,18,38,28,25,24,35,49,22,24,14,14,17,31,30,n/a,17,11,25,20,15,17,35,32,19,27,26,39,27,20,37,25,31,20,28,21,21,12,16,20,26,9,19,9,27,14,20,17,18,9,20,18,32,28,41,37,37,43,31,26,22
7/27/2021,19,15,16,14,22,19,22,40,25,20,18,38,22,21,13,30,22,11,12,30,24,19,14,35,53,22,18,11,9,13,34,25,n/a,17,11,26,27,16,18,34,30,17,25,29,35,23,19,32,21,26,21,26,23,19,14,16,19,26,10,25,9,31,19,21,18,17,10,30,20,30,31,34,28,31,32,38,21,21
7/28/2021,19,14,17,16,21,17,24,36,22,21,15,40,22,18,10,30,19,10,14,29,22,18,18,38,44,18,25,14,11,13,32,24,n/a,15,8,21,24,16,17,34,34,18,26,27,35,27,17,32,19,26,22,27,23,19,12,15,17,22,9,27,9,31,19,21,15,16,10,19,17,28,28,31,28,27,33,29,19,20
7/29/2021,23,21,21,20,26,20,28,42,27,26,22,44,25,20,16,32,23,16,14,38,22,20,20,40,53,24,25,17,14,22,37,33,n/a,19,14,25,22,17,17,36,34,19,33,32,35,31,20,33,21,32,24,35,27,26,17,17,25,30,13,29,15,35,23,27,21,22,14,29,n/a,26,32,34,33,29,31,30,18,17
7/30/2021,29,24,22,24,28,23,29,43,33,32,24,45,28,20,18,35,24,17,17,40,38,25,25,42,53,24,25,17,20,22,40,30,n/a,20,17,27,27,24,22,35,32,19,25,29,37,28,25,33,24,30,22,34,27,24,17,17,23,29,13,32,11,35,n/a,24,22,23,14,31,26,24,28,27,19,20,24,32,15,15
7/31/2021,31,30,27,28,30,26,31,51,37,38,29,54,33,26,24,42,32,21,20,47,38,24,23,39,56,22,21,13,19,19,39,28,n/a,18,14,28,21,18,18,36,35,23,30,31,35,31,21,35,25,31,31,30,24,20,16,17,21,26,13,31,11,34,n/a,23,19,20,11,28,27,n/a,31,30,18,15,21,35,20,18
8/1/2021,26,22,23,21,25,20,26,40,27,29,24,44,30,21,20,35,24,16,14,32,30,19,20,37,44,22,25,14,18,18,33,28,n/a,16,16,29,25,17,17,39,36,22,29,30,34,29,19,33,24,37,35,33,24,19,16,16,22,20,12,32,9,34,22,22,19,20,12,32,23,27,31,27,18,17,21,37,17,21
8/2/2021,28,24,21,25,28,24,29,39,31,30,24,45,27,20,17,34,27,19,14,37,35,24,21,43,46,26,24,21,19,21,34,30,n/a,17,17,28,26,19,18,35,38,23,31,28,38,30,22,37,24,31,33,36,29,20,17,18,22,23,13,27,15,40,n/a,27,19,27,12,34,20,27,29,31,22,19,23,31,17,18
8/3/2021,22,19,18,19,23,23,25,41,28,25,21,n/a,23,19,15,31,24,14,14,35,23,n/a,18,39,47,24,23,16,14,17,35,27,n/a,22,18,27,26,20,20,35,32,19,26,20,37,27,18,32,23,29,34,31,23,20,17,17,22,23,11,18,12,36,18,24,20,20,13,37,24,26,28,32,19,20,21,37,19,21
8/4/2021,28,23,22,22,27,22,28,41,30,27,22,41,30,28,18,33,24,17,18,44,30,27,18,47,49,26,27,21,21,26,39,30,n/a,20,16,27,24,24,18,36,28,21,29,29,44,30,22,35,22,31,27,29,26,19,18,15,23,35,10,22,11,35,19,23,21,20,16,34,28,27,32,28,19,22,24,37,21,21
8/5/2021,28,24,24,27,31,24,31,40,33,28,24,44,30,26,22,37,27,18,18,45,27,31,19,44,51,27,27,21,18,23,43,28,n/a,27,18,30,31,30,30,44,35,24,35,32,41,32,24,39,26,39,34,27,22,22,15,17,23,36,12,25,11,39,21,23,26,20,13,39,33,29,38,29,24,24,24,39,22,21
8/6/2021,24,19,23,22,27,22,28,42,30,25,25,39,25,21,15,34,25,16,18,39,24,36,21,40,51,23,26,18,15,20,39,26,n/a,24,15,32,34,25,25,34,33,22,28,26,40,28,19,34,24,31,34,27,23,19,16,19,21,34,14,29,16,38,23,22,23,20,13,31,29,28,35,42,26,29,28,41,30,26
8/7/2021,26,18,22,21,25,21,27,36,28,26,22,40,24,18,15,33,24,18,18,35,25,27,22,44,66,31,26,15,17,21,38,28,n/a,17,16,33,28,21,21,34,32,18,25,29,38,29,21,33,22,32,27,30,26,19,17,16,22,30,13,26,15,34,23,24,21,20,n/a,n/a,27,26,29,37,28,34,31,36,28,26
8/8/2021,31,28,24,25,29,26,29,41,31,31,28,45,31,25,23,41,28,21,18,40,36,30,23,47,60,33,24,21,19,36,40,36,n/a,23,17,33,32,24,21,35,32,19,28,29,27,30,21,35,26,39,29,35,29,23,21,20,29,35,13,25,15,39,22,27,27,29,16,n/a,29,27,26,30,23,26,23,39,26,21
8/9/2021,29,26,26,23,30,23,30,42,34,30,30,44,30,22,21,37,27,18,18,38,38,29,22,44,53,32,21,16,20,38,47,37,n/a,26,16,43,41,29,26,37,32,21,29,32,36,34,21,37,28,40,30,36,29,21,23,19,25,41,15,29,16,42,24,26,27,28,21,n/a,31,28,25,34,19,22,24,29,24,22
8/10/2021,n/a,24,23,24,28,24,29,40,31,29,26,44,30,23,22,38,28,18,16,39,31,29,21,45,64,32,25,20,21,28,54,36,n/a,27,14,38,n/a,41,26,39,34,19,26,29,30,32,21,37,24,36,29,40,38,24,20,18,30,48,15,33,18,40,22,32,28,24,26,48,41,26,21,23,17,16,19,35,20,18
8/11/2021,n/a,13,18,17,24,18,24,37,25,22,19,38,24,14,14,31,20,14,16,38,19,27,19,37,59,n/a,27,17,16,26,46,24,n/a,27,14,17,n/a,25,20,32,33,18,26,27,33,27,20,33,16,25,24,33,28,21,17,16,25,50,17,23,16,45,23,30,30,21,28,53,52,25,31,27,15,20,n/a,27,15,15
8/12/2021,n/a,12,17,15,21,16,22,34,20,19,16,42,21,12,12,32,18,9,12,22,16,22,17,32,41,15,19,14,10,20,36,19,n/a,21,14,14,n/a,10,21,28,30,15,19,25,24,22,17,29,14,23,23,35,30,23,19,21,31,38,14,28,14,46,30,32,29,26,17,34,40,26,28,35,18,25,26,34,25,20
8/13/2021,20,12,16,14,22,17,21,37,23,19,16,37,20,14,11,29,17,12,11,31,17,20,10,33,40,20,21,9,12,15,36,21,n/a,19,15,17,11,11,16,29,29,16,22,24,27,21,17,28,16,22,22,28,22,18,16,14,21,28,14,27,11,32,n/a,20,19,18,11,20,24,27,28,34,22,28,29,31,22,21
8/14/2021,25,17,23,20,26,19,25,39,26,29,21,43,26,18,15,34,18,17,13,36,26,31,17,35,65,12,20,10,13,14,25,16,n/a,16,16,14,13,8,13,30,28,14,19,23,28,22,17,30,15,21,22,21,14,16,10,11,18,28,12,18,8,28,20,17,14,13,8,19,18,28,26,36,18,23,25,40,23,23
8/15/2021,20,13,16,14,19,16,21,35,18,19,14,35,19,17,13,28,17,11,11,27,15,22,15,34,41,12,20,12,11,17,27,16,n/a,13,17,14,12,12,11,29,30,17,24,23,26,21,17,28,14,17,20,22,16,14,8,10,16,28,11,15,9,24,n/a,16,14,11,10,16,17,27,20,33,22,27,29,29,21,18
8/16/2021,19,10,14,15,21,17,20,34,22,17,15,33,18,10,9,27,17,14,12,32,21,31,14,35,68,19,20,11,12,15,28,18,n/a,13,17,20,13,13,10,27,31,12,19,25,23,20,15,26,15,23,20,22,16,16,11,12,16,26,10,17,8,23,n/a,16,14,13,10,20,18,25,25,28,17,26,21,30,20,15
8/17/2021,29,27,27,25,30,24,31,42,34,32,31,50,31,25,21,41,30,23,19,37,n/a,28,23,39,103,23,23,13,16,21,36,25,n/a,16,15,31,20,21,15,37,40,15,30,28,28,34,22,35,18,36,26,24,19,17,11,14,17,29,9,16,11,28,n/a,19,14,14,12,24,18,27,24,30,24,25,21,28,23,15
8/18/2021,26,21,23,20,28,24,30,40,33,29,29,45,27,20,18,36,28,21,15,32,27,27,17,45,126,36,19,15,n/a,31,40,32,n/a,19,17,29,25,20,21,38,42,26,34,29,37,39,29,37,24,37,27,26,19,17,n/a,12,19,34,9,21,8,33,n/a,20,19,15,14,39,27,29,25,34,22,24,20,33,25,15
8/19/2021,28,23,24,25,31,22,31,40,33,29,29,46,29,22,19,40,30,23,20,39,27,30,19,49,83,35,25,17,18,33,43,29,n/a,22,16,20,24,23,21,41,41,25,33,35,38,46,28,42,25,46,27,28,21,19,17,12,20,34,9,24,8,27,n/a,21,17,15,18,39,31,32,25,33,25,24,n/a,27,30,16
8/20/2021,30,27,29,29,38,28,34,44,40,35,35,56,33,26,23,44,32,25,23,50,34,48,34,65,116,35,31,20,20,43,42,34,n/a,21,17,31,20,18,18,38,40,21,35,35,36,45,28,38,21,40,27,27,19,17,17,12,18,35,10,22,8,30,n/a,20,15,15,19,40,22,27,25,29,26,20,n/a,30,27,16
8/21/2021,23,20,27,24,29,22,30,39,29,26,26,52,28,19,14,37,28,20,20,40,20,33,32,53,86,34,33,26,16,38,43,34,n/a,23,18,22,25,20,19,28,34,13,27,31,36,33,27,32,17,29,25,30,23,21,15,17,28,40,12,25,10,32,n/a,27,22,19,21,46,30,26,24,33,19,21,21,28,23,15
8/22/2021,24,19,23,19,27,25,26,37,28,25,23,43,26,17,17,33,23,16,19,33,25,30,17,44,67,n/a,26,13,19,28,47,27,n/a,26,14,28,28,27,26,29,32,16,24,31,27,27,23,30,16,23,27,26,20,21,17,15,23,36,12,25,9,35,n/a,20,28,19,15,41,42,25,22,26,17,18,20,29,22,17
8/23/2021,24,19,19,15,23,19,24,36,26,22,20,37,24,17,14,31,23,17,15,36,27,20,14,38,65,n/a,19,13,15,20,45,28,n/a,28,13,25,22,31,28,28,32,15,24,28,n/a,24,20,32,17,29,26,30,21,20,14,13,18,36,13,27,7,39,n/a,20,24,19,11,43,25,25,22,31,24,18,24,25,21,17
8/24/2021,22,19,16,15,22,19,22,39,24,22,22,37,24,16,14,34,21,15,15,31,30,19,15,38,62,20,18,9,15,17,40,29,n/a,20,13,21,25,22,17,27,32,15,27,22,n/a,26,18,30,16,32,25,27,18,20,13,12,19,40,n/a,21,10,28,n/a,19,21,13,12,38,24,n/a,20,29,27,17,21,23,18,13
8/25/2021,27,19,23,20,30,19,27,44,31,30,25,45,26,17,16,38,22,18,15,38,28,34,12,33,77,17,18,9,13,14,36,21,n/a,14,14,18,17,12,17,28,27,12,19,19,n/a,23,18,25,12,16,19,21,17,18,11,12,n/a,31,13,22,8,27,n/a,17,14,17,12,27,18,n/a,24,30,20,18,21,28,17,16
8/26/2021,19,15,n/a,14,21,17,21,40,25,22,19,41,22,14,11,32,20,15,14,34,22,27,12,31,51,12,16,9,10,13,28,20,n/a,14,12,12,14,13,17,25,24,12,22,21,n/a,19,17,24,10,16,16,23,18,17,11,13,n/a,27,14,28,8,27,n/a,17,15,16,12,15,19,25,24,27,17,18,21,25,19,14
8/27/2021,26,16,17,21,27,18,25,37,31,30,22,49,27,14,14,38,19,17,17,35,28,25,15,29,77,11,19,10,14,10,27,16,n/a,12,11,14,15,9,8,22,25,10,18,21,n/a,18,15,24,10,14,15,24,18,18,11,12,21,22,13,19,9,31,n/a,17,17,16,13,17,19,28,30,36,21,22,23,36,24,20
8/28/2021,21,18,14,17,24,16,23,40,24,24,18,48,24,15,17,34,19,14,14,29,26,29,16,30,55,10,21,10,13,17,29,17,n/a,14,10,18,13,10,10,24,31,13,25,23,n/a,21,16,24,15,17,18,22,19,17,13,13,19,25,9,18,9,28,n/a,18,15,16,10,16,18,30,32,41,27,28,29,35,28,23
8/29/2021,18,10,12,14,18,14,18,32,17,17,13,37,17,9,8,25,18,10,12,n/a,13,24,15,30,57,13,22,13,12,16,26,22,n/a,13,13,16,14,11,11,24,27,10,17,27,n/a,20,16,26,16,19,22,22,16,16,11,12,15,23,10,20,8,27,17,16,16,17,10,15,16,30,29,37,23,27,26,37,26,22
8/30/2021,24,14,27,22,28,20,31,37,31,26,34,53,25,12,14,31,26,21,22,n/a,21,n/a,23,38,107,28,19,20,12,23,30,26,n/a,14,14,20,15,12,12,27,32,12,22,24,n/a,24,25,30,17,28,23,26,20,19,11,11,n/a,34,12,24,9,31,16,20,15,16,16,18,18,28,28,34,25,23,20,33,21,20
8/31/2021,23,23,29,27,29,26,33,40,33,25,35,58,32,21,19,38,26,28,27,40,33,n/a,26,46,104,32,19,17,18,32,31,26,n/a,14,9,15,17,13,9,n/a,29,12,23,27,n/a,27,21,35,19,30,26,26,19,18,11,12,20,27,n/a,22,9,27,16,20,16,19,15,23,22,29,22,29,21,19,n/a,31,23,14
9/1/2021,31,28,22,24,35,29,31,43,39,34,33,54,36,23,19,43,28,23,24,36,39,n/a,18,43,101,28,21,9,16,16,29,22,n/a,17,8,19,15,8,8,n/a,29,12,18,28,27,28,22,31,18,26,23,29,23,18,11,11,19,25,16,22,10,28,13,23,14,17,12,19,19,27,22,36,26,26,24,27,26,19
9/2/2021,26,23,20,17,30,21,26,45,31,27,25,52,31,20,17,37,26,17,16,30,35,n/a,19,38,82,27,19,11,16,21,36,26,n/a,15,14,21,12,11,9,27,32,15,23,28,24,25,20,32,18,n/a,22,29,23,20,12,14,24,28,14,22,11,26,13,26,19,16,15,20,21,26,23,35,n/a,22,22,28,20,13
9/3/2021,22,19,18,17,22,16,22,36,26,24,26,41,24,14,14,33,24,13,15,34,27,n/a,12,33,58,24,17,8,12,8,32,27,n/a,20,15,16,12,12,15,28,23,13,22,22,25,25,18,26,20,27,19,29,23,19,15,16,18,n/a,16,27,9,28,11,21,18,17,9,16,20,29,30,42,n/a,23,21,27,21,20
9/4/2021,23,18,21,17,24,18,25,38,31,26,24,43,28,17,16,34,23,17,17,36,31,n/a,16,37,55,24,18,11,12,11,26,25,n/a,18,15,18,13,11,15,26,28,14,23,25,29,25,17,32,21,31,25,21,16,16,10,12,15,n/a,15,23,10,27,11,18,13,13,9,14,16,30,27,46,n/a,34,25,40,32,24
9/5/2021,29,23,23,23,27,21,28,47,32,31,25,49,31,16,19,35,23,18,19,35,27,n/a,16,39,45,16,22,8,13,10,25,39,n/a,18,18,15,14,10,10,25,30,17,28,27,19,23,17,31,17,23,23,21,17,17,11,11,16,n/a,13,26,9,28,13,20,15,16,12,14,15,32,29,45,32,34,27,31,32,25
9/6/2021,30,28,30,24,27,20,31,45,37,33,40,56,32,22,21,39,37,23,24,33,29,n/a,22,41,136,23,22,13,20,16,27,32,n/a,19,18,19,16,13,11,30,29,22,26,24,30,32,23,36,21,34,25,24,18,16,11,12,21,25,10,22,8,32,14,17,18,15,17,23,23,33,30,46,39,34,29,43,32,25
9/7/2021,31,28,28,30,25,23,31,42,38,34,42,59,34,24,20,45,37,24,22,34,41,23,21,35,80,23,18,11,n/a,20,35,26,n/a,16,16,19,24,17,17,26,29,18,26,23,27,30,21,34,22,36,25,25,16,17,11,13,21,22,13,21,9,29,15,17,18,16,15,21,21,32,29,41,34,31,30,34,29,25
9/8/2021,24,22,19,17,23,18,25,37,27,25,31,47,30,19,16,37,26,13,14,24,30,20,15,n/a,71,19,16,11,13,10,35,20,n/a,16,15,20,17,17,17,26,23,13,19,22,25,28,22,27,16,26,21,23,19,18,15,12,21,37,16,20,10,29,18,n/a,15,21,15,23,21,29,25,36,26,24,25,18,22,18
9/9/2021,24,19,23,23,29,19,28,38,33,28,24,47,30,15,17,37,21,18,22,44,16,39,17,n/a,85,15,20,11,12,18,27,19,n/a,10,16,15,17,11,9,29,34,19,23,23,31,28,25,30,18,28,21,23,19,16,10,11,19,29,13,25,11,26,13,17,9,14,17,8,14,24,29,25,13,16,18,19,14,12
9/10/2021,21,15,17,18,27,19,22,37,31,25,19,44,27,15,17,32,19,18,19,40,25,34,22,n/a,63,13,25,13,14,17,27,19,n/a,10,17,17,21,16,11,23,29,15,23,22,24,24,18,27,17,27,22,19,13,15,9,11,16,20,10,20,9,24,16,14,13,13,16,12,n/a,27,28,37,18,21,20,27,20,19
9/11/2021,27,25,25,20,22,19,25,40,30,32,34,43,28,14,17,32,28,19,17,35,33,30,19,n/a,52,20,17,12,14,15,n/a,25,n/a,12,16,21,22,17,13,25,26,10,26,23,22,26,16,28,23,34,24,24,18,14,11,12,14,25,18,30,8,30,14,14,14,15,12,13,n/a,28,29,34,25,27,26,28,23,19
9/12/2021,26,26,21,19,22,17,26,37,28,29,36,n/a,31,24,20,42,31,19,16,36,32,26,19,n/a,81,28,22,14,15,15,30,23,n/a,13,15,23,25,19,15,32,28,15,27,26,32,33,22,34,30,42,25,23,17,16,16,17,16,28,16,29,7,31,14,18,19,16,15,27,n/a,27,25,33,17,23,25,21,24,13
9/13/2021,26,24,23,20,23,20,29,37,32,30,32,43,29,21,16,40,31,24,19,35,34,27,20,n/a,108,24,23,17,20,15,33,25,n/a,16,17,20,22,13,19,35,29,19,27,24,33,40,23,37,32,46,34,24,22,18,15,13,19,26,19,26,8,35,16,19,20,19,15,30,n/a,28,33,27,12,20,20,27,23,25
9/14/2021,28,28,25,24,27,22,30,40,35,32,39,47,31,25,20,41,35,24,21,40,32,31,19,n/a,140,34,18,15,15,21,n/a,18,n/a,10,15,24,16,11,11,31,28,16,32,27,28,34,19,38,23,44,21,24,21,19,14,14,21,27,16,26,13,32,17,18,17,15,17,18,21,31,29,42,21,23,22,38,24,20
9/15/2021,25,21,19,20,27,20,23,47,30,26,25,47,29,19,18,34,20,17,16,41,27,28,20,n/a,108,25,22,14,13,15,n/a,23,n/a,11,16,24,16,13,14,26,31,15,26,23,21,22,17,28,20,32,20,23,21,18,11,12,17,35,15,24,14,32,12,23,18,20,16,15,20,28,31,34,25,27,23,29,28,15
9/16/2021,21,14,17,16,23,17,22,36,24,22,16,40,25,17,12,33,25,14,16,33,21,36,18,34,100,14,25,16,14,16,n/a,18,n/a,12,17,22,18,11,13,23,30,12,20,22,30,25,20,28,14,28,20,21,17,17,12,12,21,29,11,20,11,35,18,n/a,16,16,11,11,19,32,29,40,26,21,26,38,36,20
9/17/2021,22,17,22,20,28,18,27,42,31,27,25,51,26,17,14,34,29,18,16,50,24,36,19,41,86,19,23,17,18,18,n/a,21,n/a,12,16,26,16,16,12,26,32,15,23,24,31,29,20,30,16,39,26,21,15,15,11,10,16,29,12,18,8,30,19,n/a,15,13,15,17,20,33,28,41,25,29,24,34,38,25
9/18/2021,30,25,32,31,36,26,36,39,39,32,37,56,35,27,23,41,41,31,29,41,29,41,37,44,142,43,27,19,14,30,n/a,22,n/a,14,16,28,17,16,16,29,41,19,31,33,36,37,30,33,16,37,26,23,18,19,15,n/a,19,43,12,20,9,33,17,n/a,25,16,18,24,24,35,29,41,21,26,25,37,30,18
9/19/2021,28,25,26,22,27,24,28,37,30,28,39,48,31,23,18,41,39,23,25,31,31,n/a,21,43,111,40,17,12,11,22,n/a,36,n/a,13,17,21,19,20,16,32,40,22,28,28,31,32,26,37,16,43,25,26,21,19,14,14,21,28,13,26,9,28,15,20,25,22,19,21,25,28,21,32,18,20,22,25,22,15
9/20/2021,31,30,24,23,25,20,26,41,36,36,33,51,33,25,20,40,32,20,14,39,30,n/a,23,40,103,34,22,12,11,16,n/a,32,n/a,15,17,14,20,15,13,29,40,22,28,29,29,n/a,25,38,17,41,25,27,18,19,17,15,24,32,14,25,10,30,19,20,22,18,18,24,23,26,21,25,16,20,19,32,21,12
9/21/2021,22,15,19,18,21,20,25,39,30,22,20,41,23,17,12,34,30,15,n/a,28,21,24,11,32,73,15,14,8,7,10,n/a,22,n/a,12,16,18,14,11,10,22,30,12,20,19,27,n/a,25,29,15,29,21,24,18,16,14,12,21,16,12,21,10,32,20,19,17,19,13,16,19,27,24,32,17,19,21,22,17,20
9/22/2021,22,12,15,14,20,14,19,33,26,21,14,37,24,17,11,29,21,12,11,23,19,31,14,33,79,20,21,10,8,12,n/a,19,n/a,9,17,18,15,9,7,23,27,12,20,21,29,22,17,28,12,26,19,21,17,16,10,12,19,22,10,25,10,23,18,15,15,12,14,12,19,26,29,32,18,25,23,38,21,17
9/23/2021,23,18,20,20,23,20,26,37,30,27,21,49,24,19,13,33,22,19,13,34,27,34,14,32,64,15,18,10,7,9,n/a,22,n/a,10,18,18,18,13,11,25,28,11,22,23,32,23,19,31,15,33,23,23,16,15,10,13,19,23,11,21,11,23,16,15,18,14,17,13,19,31,32,40,21,30,22,34,29,20
9/24/2021,26,24,22,17,19,16,25,35,27,28,36,49,30,24,19,41,35,16,13,30,34,18,17,28,55,17,22,12,6,9,n/a,24,n/a,13,13,11,15,11,15,23,29,14,23,22,25,30,18,27,17,35,24,24,18,17,13,12,19,15,12,20,10,27,20,16,18,16,11,11,20,33,30,43,30,33,30,41,34,22
9/25/2021,27,26,21,19,23,20,25,43,27,32,29,46,31,20,19,39,28,15,12,36,34,21,15,28,31,14,21,12,7,10,n/a,14,n/a,9,15,11,13,7,7,22,29,12,22,18,25,22,16,31,12,31,18,25,20,16,12,13,22,11,13,24,10,27,17,19,15,18,13,13,19,28,24,35,28,32,28,28,37,23
9/26/2021,23,14,15,15,21,14,21,30,22,23,15,43,21,12,11,31,20,12,10,26,19,30,11,28,39,10,15,10,5,9,n/a,13,n/a,9,15,15,14,7,9,22,26,9,16,17,16,17,17,25,10,24,18,n/a,14,14,11,9,n/a,17,9,21,8,22,n/a,13,15,11,9,8,17,24,20,25,12,20,21,28,20,14
9/27/2021,26,22,23,27,28,18,27,39,31,28,29,44,30,18,17,41,31,23,17,27,32,23,29,34,92,31,21,16,7,19,31,23,n/a,n/a,13,21,16,12,15,27,36,18,24,27,26,32,28,31,14,27,22,20,15,15,10,10,16,27,12,20,11,25,n/a,16,18,16,16,12,25,30,21,28,11,18,18,25,18,16
9/28/2021,35,34,29,30,31,26,36,46,41,38,50,61,41,32,29,55,40,33,25,43,59,35,37,n/a,114,37,35,21,17,16,34,27,n/a,n/a,14,29,23,21,14,30,44,18,38,37,37,37,32,31,21,34,25,26,18,18,10,12,21,22,13,21,10,29,19,19,15,15,17,21,25,30,26,23,10,20,18,29,24,17
9/29/2021,61,53,48,46,49,39,48,73,61,66,67,86,65,53,43,72,49,40,38,77,78,37,52,n/a,124,35,48,26,16,19,36,25,n/a,n/a,11,29,27,24,23,35,46,24,40,39,45,37,42,43,21,46,23,29,24,20,17,14,26,30,18,21,12,29,16,22,19,18,21,28,28,27,24,34,16,20,n/a,23,22,13
9/30/2021,36,29,36,37,40,32,39,54,46,40,44,67,39,27,26,43,34,30,26,54,34,44,39,n/a,96,30,39,33,18,21,48,30,n/a,n/a,9,37,24,23,29,38,43,22,42,38,38,36,37,39,25,42,29,31,26,23,14,18,25,40,18,21,11,29,16,26,21,20,25,26,30,29,22,31,20,19,n/a,30,24,15
10/1/2021,23,18,27,24,29,21,26,39,34,25,28,47,28,n/a,13,33,31,24,24,40,16,42,22,n/a,91,26,29,30,11,23,39,32,n/a,n/a,10,n/a,26,24,23,30,38,19,30,31,36,36,32,33,20,39,27,29,20,24,16,17,28,40,15,26,9,30,18,21,21,20,21,24,26,28,23,30,14,21,n/a,28,24,18
10/2/2021,26,18,23,19,26,20,26,40,28,26,28,48,29,n/a,14,32,21,17,19,34,27,30,22,39,70,24,27,14,13,19,38,30,n/a,n/a,11,n/a,22,21,21,28,30,12,22,22,34,28,21,33,17,39,23,25,21,20,12,14,25,27,16,20,9,28,17,19,21,19,15,24,26,30,25,34,17,27,24,40,25,21
10/3/2021,33,29,32,30,29,29,36,40,39,34,45,65,35,24,21,48,n/a,23,18,33,30,25,26,37,95,25,24,13,15,19,34,29,n/a,n/a,n/a,30,23,17,18,30,37,18,26,26,32,35,28,35,20,36,25,25,18,18,11,13,21,24,13,19,10,26,15,19,23,18,15,20,24,30,24,39,19,29,26,34,24,22
10/4/2021,38,28,27,28,29,24,33,46,43,41,53,66,39,26,21,51,n/a,30,28,42,49,32,28,42,104,36,28,18,22,22,42,31,n/a,n/a,14,26,22,25,23,34,48,26,35,34,37,32,28,35,23,40,23,28,21,23,16,13,26,30,16,29,12,29,17,21,27,23,20,27,23,29,21,35,27,27,29,36,23,18
10/5/2021,42,38,36,36,34,30,41,54,50,48,73,72,48,39,31,57,n/a,33,28,54,57,39,40,44,107,39,41,27,30,22,43,31,n/a,n/a,17,16,21,18,24,33,54,34,54,38,n/a,46,34,38,22,42,29,30,22,21,17,15,26,26,19,26,16,33,19,26,20,23,25,36,26,31,23,35,13,17,21,25,28,17
10/6/2021,27,25,21,19,n/a,18,27,44,33,30,38,54,31,21,18,44,33,17,20,26,36,20,16,32,78,25,19,13,14,11,34,21,n/a,n/a,16,18,21,12,15,31,43,21,31,25,n/a,40,28,32,11,31,21,29,22,24,20,17,30,25,19,27,16,29,20,25,22,25,23,26,26,25,23,30,13,16,21,32,23,15
10/7/2021,37,41,31,31,33,30,37,51,49,44,n/a,59,43,31,26,53,38,29,25,44,52,29,22,36,100,34,24,15,18,16,43,30,n/a,n/a,13,28,32,31,28,28,40,21,32,27,33,33,25,40,20,37,25,29,22,25,15,n/a,27,20,20,27,13,31,24,24,19,19,19,28,26,27,27,26,14,17,18,27,19,15
10/8/2021,56,50,46,48,49,43,47,78,58,65,n/a,82,63,42,44,56,35,43,32,60,40,55,30,47,124,42,35,16,23,31,47,38,n/a,n/a,12,33,39,39,32,32,45,20,29,29,35,42,30,41,29,46,27,34,25,26,20,n/a,32,26,22,33,13,43,27,29,27,31,20,33,33,26,26,25,20,21,23,40,17,21
10/9/2021,26,18,21,20,24,19,26,44,32,30,30,49,25,14,14,30,24,18,n/a,45,30,41,22,40,90,28,30,15,19,20,47,39,n/a,n/a,12,30,45,30,29,25,27,12,25,17,25,26,16,28,17,35,18,36,35,29,23,22,31,40,29,39,15,41,26,29,32,34,23,36,39,28,27,33,27,n/a,25,33,16,18
10/10/2021,27,13,21,20,22,20,24,42,28,27,n/a,43,23,10,13,25,16,18,n/a,34,20,26,15,32,53,22,21,12,11,9,47,28,n/a,n/a,12,19,26,22,24,25,27,12,24,16,27,23,16,17,16,34,26,36,32,33,22,21,29,32,26,31,19,34,22,28,29,28,24,36,35,31,30,31,28,29,22,36,20,21
10/11/2021,21,14,21,20,22,19,24,38,32,23,n/a,32,22,12,10,26,18,16,20,37,19,24,14,32,62,18,23,12,10,10,37,23,n/a,n/a,12,23,13,12,12,27,29,14,25,19,31,24,19,n/a,17,32,25,25,19,23,13,13,20,23,13,22,15,25,20,20,18,18,21,28,21,29,36,39,29,37,23,27,22,19
10/12/2021,22,16,19,17,20,17,24,39,30,25,21,41,22,14,12,26,25,17,21,36,21,30,16,35,88,18,23,12,n/a,11,34,27,n/a,n/a,11,19,17,16,17,26,27,13,25,17,30,21,18,n/a,17,36,17,21,15,15,9,10,17,19,10,16,16,25,18,18,15,16,17,19,16,28,33,38,36,43,25,40,22,24
10/13/2021,21,15,18,14,16,18,22,32,22,21,21,28,18,9,8,25,n/a,13,20,29,16,24,12,32,61,18,19,11,n/a,12,36,22,n/a,n/a,10,35,21,18,24,25,28,12,24,17,23,21,17,32,18,32,16,24,19,18,14,14,23,19,17,24,18,28,19,25,22,20,18,25,n/a,30,36,36,32,38,24,35,23,22
10/14/2021,27,18,19,20,22,19,23,40,32,31,25,39,27,15,13,31,n/a,20,20,35,26,20,15,29,55,19,26,11,n/a,12,31,21,n/a,n/a,10,25,9,8,13,26,28,13,26,16,30,21,18,30,19,29,24,30,24,23,15,16,26,24,20,39,18,31,19,27,23,26,18,26,n/a,30,39,36,38,40,28,47,22,37
10/15/2021,27,21,23,20,23,20,28,53,33,30,32,46,30,21,17,36,25,21,21,36,39,21,n/a,30,39,14,26,12,15,8,25,15,n/a,n/a,10,13,12,9,7,27,30,18,28,20,34,24,19,33,11,22,22,21,16,18,10,11,20,17,13,23,15,31,17,18,14,15,15,20,22,34,41,45,35,44,32,37,27,40
10/16/2021,30,24,25,27,31,23,30,56,36,32,28,48,32,22,20,42,33,21,22,40,30,41,23,34,67,25,26,19,16,18,26,16,n/a,n/a,9,11,11,13,9,31,41,21,33,24,33,27,23,31,n/a,31,26,16,11,14,10,10,18,24,8,14,11,28,14,15,14,15,9,13,20,33,34,38,21,33,30,44,30,29
10/17/2021,21,12,14,12,16,16,20,32,19,20,22,37,20,11,10,30,22,13,20,19,26,21,12,n/a,76,22,16,8,11,11,32,16,n/a,n/a,10,9,10,7,9,21,28,12,22,12,13,17,16,24,10,21,20,18,13,16,13,11,20,15,12,22,9,28,16,18,19,18,10,18,23,31,29,26,22,26,22,30,21,23
10/18/2021,23,18,20,17,20,19,27,35,29,28,41,48,30,17,14,39,30,20,21,22,32,14,15,n/a,62,18,20,9,13,9,34,15,n/a,n/a,11,17,15,8,12,25,29,14,23,19,19,20,17,30,12,24,17,25,15,18,12,13,22,12,15,22,14,30,16,24,22,17,13,19,21,n/a,31,33,18,28,24,43,21,19
10/19/2021,n/a,38,37,34,31,27,42,62,48,45,67,78,43,33,25,54,50,33,29,38,60,n/a,30,37,120,36,32,19,25,16,35,28,n/a,n/a,n/a,17,16,15,12,35,37,20,33,29,35,37,30,35,24,35,22,23,18,20,13,13,22,20,16,25,14,34,15,24,21,19,12,18,18,n/a,25,24,18,28,26,25,18,14
10/20/2021,46,45,44,35,37,30,47,83,55,49,69,84,50,39,32,68,66,33,29,46,57,34,36,41,111,40,44,27,29,21,47,31,n/a,17,14,16,21,16,22,43,64,40,56,51,57,47,49,59,24,48,29,27,21,17,14,n/a,23,34,14,21,15,35,15,22,22,21,19,30,25,n/a,22,33,13,26,n/a,28,24,16
10/21/2021,50,39,46,38,42,36,47,75,58,50,52,78,50,42,36,57,52,35,28,66,39,43,38,42,111,31,45,28,30,32,43,28,n/a,15,12,17,19,20,24,38,56,29,51,33,48,51,42,49,21,39,25,25,21,20,16,n/a,25,42,15,23,15,33,14,19,24,21,23,35,30,n/a,21,32,17,26,17,22,32,15
10/22/2021,37,33,32,31,34,27,37,64,43,40,39,61,45,28,26,54,42,26,26,45,39,35,25,44,110,45,26,16,13,28,33,24,n/a,11,13,15,12,11,9,29,42,19,32,27,31,29,31,38,17,35,21,24,16,n/a,12,n/a,21,31,12,24,16,29,16,18,17,15,15,18,21,n/a,23,36,18,27,20,29,25,16
10/23/2021,31,23,25,24,26,21,30,43,30,31,37,53,32,19,18,46,34,21,24,32,40,36,26,38,63,28,24,15,11,18,32,18,n/a,13,13,11,16,11,12,27,35,17,25,20,25,20,21,28,15,29,22,n/a,16,n/a,12,12,22,24,10,18,12,29,17,17,18,12,16,15,18,n/a,27,42,17,20,21,28,23,19
10/24/2021,33,21,23,24,24,23,28,45,29,31,39,43,32,19,18,42,30,30,26,32,43,33,30,36,60,39,39,18,16,22,34,23,n/a,18,14,14,21,17,16,28,36,16,25,21,22,22,22,29,16,32,22,21,16,n/a,13,13,26,23,11,20,12,26,20,18,22,18,n/a,24,22,n/a,28,32,13,27,18,28,24,17
10/25/2021,34,23,25,28,28,25,29,50,33,36,43,47,36,23,19,45,33,37,28,42,48,38,33,42,70,40,44,23,17,23,45,31,n/a,18,14,28,31,24,18,28,37,18,27,22,24,22,25,35,21,33,22,28,22,n/a,13,14,27,31,17,28,12,34,19,28,22,24,n/a,30,26,n/a,23,39,17,30,20,29,25,19
10/26/2021,39,32,33,35,36,31,39,80,42,42,55,60,43,38,27,51,44,44,33,54,68,46,41,48,100,44,49,28,24,34,54,36,n/a,20,14,38,34,30,32,31,n/a,31,33,37,36,36,32,46,30,43,33,32,29,n/a,14,17,26,37,18,29,16,34,17,31,23,22,n/a,35,28,n/a,26,31,16,30,20,32,30,13
10/27/2021,45,37,41,38,35,33,43,55,49,47,72,60,47,40,29,58,49,42,34,48,63,42,44,56,109,47,45,30,21,36,58,42,n/a,26,14,32,41,37,34,33,46,29,37,30,39,37,33,47,32,46,38,36,30,n/a,14,15,30,39,18,28,17,31,17,33,24,20,25,42,34,n/a,25,29,15,34,20,35,30,13
10/28/2021,46,41,43,46,40,35,47,56,50,46,67,64,51,44,34,64,52,42,31,46,64,40,39,52,117,35,45,25,16,31,50,34,n/a,28,12,18,22,21,26,30,45,21,34,27,27,30,32,48,18,39,25,26,23,n/a,13,14,29,37,20,26,n/a,33,24,26,24,23,24,33,29,33,33,31,15,28,20,33,39,21
10/29/2021,32,32,34,32,33,30,39,59,40,36,46,55,35,25,21,47,40,33,31,43,38,31,33,42,103,26,40,19,11,21,38,28,n/a,16,13,21,16,11,19,33,41,21,31,27,36,33,30,44,25,43,26,30,24,n/a,19,15,29,26,24,31,n/a,39,22,24,21,27,17,16,28,24,33,25,27,30,18,37,38,18
10/30/2021,45,41,45,40,37,34,n/a,64,47,45,66,76,47,38,27,63,56,37,30,53,68,40,36,48,110,35,50,18,n/a,25,41,25,n/a,15,12,14,17,9,19,40,61,32,44,40,44,42,42,68,24,41,29,25,19,n/a,14,16,25,23,20,25,n/a,24,16,19,20,21,21,17,22,24,23,25,19,29,19,29,32,17
10/31/2021,31,23,29,21,24,21,n/a,51,31,30,46,59,34,24,20,44,34,21,24,27,51,24,26,44,128,38,33,13,23,21,38,29,n/a,18,12,18,15,16,18,27,43,23,28,29,26,26,25,38,19,34,22,26,19,n/a,14,18,23,22,17,26,20,30,17,19,22,21,20,22,24,20,26,26,14,23,19,28,24,14
11/1/2021,35,29,27,25,28,25,n/a,57,41,36,57,65,40,n/a,24,51,42,27,26,43,51,33,25,45,127,38,34,14,27,22,40,28,n/a,15,11,18,14,12,13,32,47,25,39,31,34,31,30,44,26,38,26,23,17,n/a,12,16,24,27,14,24,17,28,17,16,19,20,17,20,25,23,23,25,16,23,21,24,23,17
11/2/2021,36,33,35,36,31,30,n/a,62,48,40,59,69,43,31,29,54,49,31,29,48,n/a,34,33,50,131,35,n/a,14,23,20,45,30,n/a,16,12,21,17,14,15,33,47,26,38,30,29,37,34,61,22,36,28,21,16,n/a,14,16,27,24,14,26,19,26,17,20,23,18,24,21,27,23,24,33,21,31,19,31,26,14
11/3/2021,36,31,29,32,32,26,n/a,66,43,38,58,67,41,32,24,58,54,28,26,44,59,32,28,43,152,35,n/a,16,24,21,51,32,n/a,19,13,22,22,19,20,37,58,27,39,39,41,38,38,60,26,36,27,26,21,n/a,14,14,23,34,14,24,17,32,17,21,21,17,25,29,31,27,28,29,16,30,23,30,33,19
11/4/2021,46,36,34,33,39,26,39,88,47,51,50,71,51,42,36,60,47,31,28,75,80,41,45,60,153,47,n/a,20,38,30,51,40,n/a,21,10,29,32,23,30,32,49,27,37,36,36,36,32,47,28,42,31,31,26,n/a,12,16,24,35,14,23,18,34,20,24,25,19,35,38,30,24,27,24,23,29,23,26,24,20
11/5/2021,44,37,35,35,43,27,38,81,45,48,52,66,49,39,30,59,45,35,32,69,69,44,47,61,144,49,n/a,23,38,37,57,46,n/a,20,8,36,33,26,39,30,50,26,43,35,44,38,36,51,30,42,28,32,22,n/a,15,20,24,36,17,21,15,39,20,25,25,24,31,40,41,22,23,20,20,27,20,27,21,14
11/6/2021,49,36,45,43,42,38,50,87,54,55,64,81,47,33,31,54,45,47,46,75,60,48,42,62,132,37,n/a,30,31,39,60,43,n/a,19,10,33,38,31,36,31,50,26,38,29,38,38,32,43,23,50,27,31,27,n/a,16,18,26,41,20,25,16,37,19,27,30,27,29,38,33,20,21,32,15,23,21,25,25,12
11/7/2021,44,31,28,35,34,27,36,76,46,46,42,74,44,31,28,52,40,27,28,62,66,32,47,49,133,46,n/a,32,28,32,66,33,n/a,22,10,30,31,25,36,34,54,30,43,37,39,40,36,42,29,38,27,31,27,n/a,16,19,31,45,18,25,17,38,20,28,30,25,28,42,33,19,24,23,21,21,19,28,25,13
11/8/2021,38,35,36,36,36,27,40,61,45,41,47,72,50,35,28,57,n/a,35,27,48,64,40,44,58,95,43,n/a,27,33,32,49,31,n/a,23,n/a,26,21,18,23,30,47,24,36,25,29,33,33,39,20,40,26,37,31,n/a,19,18,35,33,21,30,19,39,22,30,30,33,29,39,35,24,23,27,23,28,19,28,27,13
11/9/2021,32,27,31,31,37,24,36,50,37,35,27,53,42,27,25,51,n/a,28,17,35,43,31,42,57,79,41,n/a,25,25,25,44,25,n/a,17,10,23,27,15,15,26,34,16,26,18,25,23,23,35,18,33,21,38,34,n/a,20,18,34,30,25,28,17,39,20,34,26,27,28,39,32,18,25,23,23,27,19,27,24,12
11/10/2021,41,33,40,39,39,31,44,63,48,46,n/a,62,49,40,29,58,43,38,24,40,60,36,30,61,89,43,n/a,24,34,30,52,35,n/a,25,9,28,31,27,27,27,38,19,n/a,22,31,29,29,36,26,39,28,32,33,n/a,20,17,30,35,23,30,16,36,22,36,26,25,25,30,33,14,28,22,12,22,n/a,23,18,10
11/11/2021,49,38,45,50,48,38,51,70,61,55,70,80,56,n/a,34,63,48,49,48,53,68,47,44,64,94,48,n/a,33,48,44,59,41,n/a,28,11,29,44,32,31,30,45,24,n/a,27,44,31,33,43,33,41,32,33,28,n/a,18,17,n/a,42,21,30,16,36,n/a,28,28,28,26,40,33,16,22,18,11,24,n/a,31,17,16
11/12/2021,51,40,n/a,51,51,37,53,69,63,56,65,78,56,n/a,39,65,46,48,51,57,70,55,49,70,99,56,n/a,35,51,51,60,45,n/a,31,12,28,38,35,30,32,43,23,34,27,34,35,38,56,32,47,28,32,30,n/a,20,16,n/a,48,19,26,17,37,n/a,30,28,25,26,39,38,13,25,19,11,19,21,21,10,12
11/13/2021,45,34,n/a,48,45,35,48,60,52,46,62,66,49,36,29,63,43,44,50,50,68,45,45,63,87,52,n/a,33,41,39,63,40,n/a,29,11,32,44,37,37,31,44,22,35,28,31,37,35,48,30,45,31,30,27,n/a,21,17,n/a,44,22,38,19,39,25,31,32,27,31,44,37,11,22,32,12,16,18,25,14,11
11/14/2021,46,39,42,54,46,38,51,65,n/a,49,67,70,53,40,32,65,46,49,n/a,55,60,55,53,77,97,51,n/a,40,50,46,57,46,n/a,32,12,33,44,36,35,33,44,21,31,27,32,35,34,44,39,54,23,35,33,n/a,27,19,41,46,23,32,19,48,25,35,40,31,33,50,39,16,28,34,15,22,19,28,22,18
11/15/2021,51,39,49,49,50,35,51,82,n/a,51,52,71,54,44,34,64,n/a,50,n/a,65,76,54,54,75,104,49,n/a,39,50,44,57,38,n/a,31,10,26,46,34,32,33,45,26,36,31,39,39,36,47,37,46,28,38,40,n/a,24,24,38,55,28,39,17,46,26,37,37,34,35,55,40,16,22,36,16,29,22,32,23,21
11/16/2021,39,23,32,32,40,24,34,73,36,40,38,54,40,32,25,53,n/a,42,n/a,62,67,49,59,66,125,43,62,41,39,45,55,34,n/a,31,9,23,31,23,31,35,45,29,38,31,30,33,32,35,21,37,23,37,33,n/a,21,21,34,50,27,39,18,40,20,33,30,35,38,41,39,15,26,26,17,24,22,22,19,17
11/17/2021,30,19,26,26,34,21,30,51,33,29,35,45,37,27,19,49,36,32,n/a,38,49,31,41,59,119,50,50,32,28,43,47,36,n/a,23,9,24,28,19,21,26,39,24,31,25,23,26,25,34,22,38,22,38,33,n/a,17,16,35,44,23,33,18,35,19,34,34,29,37,34,35,12,22,18,18,19,17,27,13,16
11/18/2021,34,25,30,31,36,24,33,69,36,34,37,54,39,27,25,50,42,40,n/a,58,71,39,53,59,98,36,50,34,32,43,48,31,n/a,20,9,21,20,17,22,27,42,21,34,24,26,27,28,39,22,49,23,39,35,n/a,20,18,33,39,25,36,18,39,19,30,26,34,37,39,35,12,19,24,14,17,18,23,16,12
11/19/2021,52,28,33,34,38,28,36,87,42,58,37,66,37,27,26,55,37,37,n/a,81,61,47,52,62,97,49,52,32,30,46,49,31,n/a,21,9,26,42,19,27,32,41,23,36,25,38,32,25,47,27,40,26,44,40,n/a,17,20,27,39,24,28,17,41,20,30,31,30,38,50,38,15,23,29,17,19,20,25,22,12
11/20/2021,50,37,38,46,39,35,41,88,52,53,56,75,44,30,30,n/a,48,39,n/a,79,50,47,42,68,144,41,47,33,25,36,69,45,n/a,24,8,36,48,30,44,39,49,25,41,38,37,44,41,78,28,43,27,35,34,n/a,22,20,31,50,20,22,17,38,19,34,29,27,34,48,38,20,21,29,18,20,18,27,25,13
11/21/2021,42,39,44,40,40,33,44,83,48,46,67,68,44,27,26,n/a,45,41,n/a,64,45,61,49,74,126,46,44,31,23,49,77,45,n/a,29,7,32,37,29,38,36,47,22,43,29,41,51,40,65,27,43,32,28,21,n/a,22,19,30,44,20,25,16,35,24,29,30,29,38,47,35,23,28,34,23,23,18,26,27,16
11/22/2021,48,36,38,40,49,33,44,84,49,52,47,76,54,38,35,n/a,50,40,n/a,63,65,36,n/a,58,150,64,44,31,16,54,59,42,n/a,31,8,29,21,19,29,38,50,26,42,33,46,45,41,56,28,43,34,36,30,n/a,28,20,34,39,24,33,18,45,24,29,39,35,38,58,44,20,29,27,20,29,21,34,28,15
11/23/2021,32,28,28,30,39,20,33,55,34,32,38,58,38,29,23,n/a,36,29,n/a,38,48,27,32,58,118,40,42,29,16,34,39,27,n/a,22,17,22,16,12,13,28,41,22,31,n/a,22,26,23,38,19,33,24,36,34,n/a,29,18,33,30,29,39,19,40,27,35,29,34,32,39,38,15,24,24,30,21,20,29,21,17
11/24/2021,33,27,33,30,36,26,37,47,36,37,53,58,37,28,22,n/a,39,39,n/a,47,61,39,30,61,85,36,45,22,18,30,46,28,n/a,21,23,23,31,17,20,25,37,20,27,22,25,27,23,35,21,35,26,30,25,n/a,28,23,31,27,25,33,23,37,24,28,27,28,30,41,37,17,24,19,20,19,18,28,28,10
11/25/2021,46,42,46,43,45,37,51,68,58,53,80,87,53,43,32,66,45,48,n/a,53,67,44,40,66,92,48,48,30,24,44,52,34,n/a,32,25,31,48,29,27,32,41,20,30,25,32,36,37,43,29,37,26,34,31,n/a,28,15,34,34,22,28,17,34,23,34,33,29,32,46,32,16,18,21,15,20,19,31,17,11
11/26/2021,49,45,50,47,51,39,53,75,58,55,83,100,55,48,37,70,50,51,n/a,61,79,51,57,67,111,57,51,33,25,52,52,38,n/a,32,23,39,40,32,28,33,40,24,37,31,38,42,34,46,32,52,34,38,35,n/a,23,19,34,45,15,24,18,34,21,35,37,29,32,50,36,15,21,21,19,22,19,29,16,12
11/27/2021,47,38,45,45,48,36,48,62,52,50,68,70,53,45,31,63,50,48,n/a,58,70,53,57,77,99,56,58,31,30,47,59,46,n/a,32,24,49,64,39,33,33,44,26,37,34,43,45,39,52,40,58,40,30,25,n/a,26,18,30,39,14,22,19,29,17,26,30,22,38,47,40,24,30,25,24,32,21,30,21,18
11/28/2021,49,50,54,47,48,40,54,65,58,56,69,71,59,46,37,71,59,49,n/a,55,65,51,53,78,78,60,54,26,n/a,48,75,49,n/a,43,24,43,56,39,43,39,52,35,45,40,50,48,43,54,46,66,45,25,19,n/a,31,15,29,47,17,23,17,32,22,25,28,26,35,49,32,40,49,21,21,24,21,32,36,23
11/29/2021,47,45,48,44,48,36,49,62,56,51,72,63,54,46,33,66,56,47,n/a,57,66,48,53,79,102,49,58,29,n/a,60,72,46,n/a,43,18,48,54,44,35,35,52,35,43,36,44,42,39,52,37,57,35,33,29,n/a,31,19,35,52,20,27,21,47,28,30,33,31,40,67,37,29,39,20,17,19,20,32,19,17
11/30/2021,49,53,56,51,54,40,55,64,57,53,71,71,60,53,39,74,59,51,n/a,57,71,53,50,76,103,64,61,27,59,58,78,54,n/a,58,21,83,67,57,50,34,46,29,37,30,45,42,45,54,47,66,35,29,25,n/a,39,20,39,54,20,27,19,40,27,30,38,32,41,46,40,11,19,24,25,24,19,33,12,14
12/1/2021,55,58,58,57,68,45,59,76,61,61,64,75,66,62,45,80,65,60,n/a,69,81,62,62,85,98,71,79,36,69,60,80,56,n/a,57,31,54,59,43,50,39,60,42,48,42,53,55,54,61,51,68,39,33,30,n/a,35,21,39,57,24,33,18,49,33,31,45,39,46,61,45,13,22,24,28,23,21,28,19,11
12/2/2021,58,53,55,56,61,46,57,76,63,64,69,80,61,55,42,71,58,59,n/a,77,90,64,61,83,101,61,75,38,70,60,73,49,n/a,55,44,43,55,39,49,38,55,37,46,35,49,51,46,57,45,64,43,38,32,n/a,44,25,44,60,28,36,22,52,36,36,44,44,55,70,47,15,24,23,17,17,18,28,n/a,11
12/3/2021,58,53,58,67,63,47,60,78,64,64,71,85,62,54,40,76,55,63,n/a,78,89,62,68,85,110,62,65,37,69,59,72,49,n/a,58,51,51,60,48,51,35,48,31,41,33,47,45,45,55,49,59,36,37,31,n/a,38,25,45,65,35,40,22,51,35,37,43,43,53,67,52,27,35,31,24,28,20,37,35,19
12/4/2021,57,56,59,48,65,47,60,80,61,64,76,88,64,55,43,79,61,64,n/a,82,93,66,81,95,127,69,70,35,84,58,83,59,n/a,54,59,55,71,48,65,41,60,38,51,42,51,56,50,60,47,66,40,39,34,n/a,37,26,46,61,32,36,23,52,34,39,50,37,48,79,52,35,36,32,29,30,26,38,33,19
12/5/2021,62,64,68,63,60,50,67,85,64,65,89,82,67,57,47,85,69,65,n/a,76,88,67,87,94,95,77,72,38,88,72,80,63,n/a,65,60,50,61,46,76,44,68,47,54,47,60,56,54,69,53,67,47,38,35,n/a,43,28,45,69,29,39,24,51,37,42,45,41,51,82,48,42,n/a,34,34,40,27,35,41,23
12/6/2021,66,57,64,62,63,52,64,88,63,72,85,86,65,58,42,81,63,72,n/a,90,94,71,85,100,104,81,76,38,91,79,84,64,n/a,67,60,51,77,58,72,41,59,37,48,41,49,52,51,60,47,64,43,42,39,n/a,34,28,52,77,39,48,25,63,38,45,50,49,60,96,49,38,n/a,36,34,35,n/a,37,39,21
12/7/2021,76,69,62,66,71,60,63,106,74,84,93,106,75,68,50,88,67,80,n/a,99,112,79,88,106,124,82,77,41,98,81,84,70,n/a,68,58,53,71,50,68,39,65,45,52,53,52,n/a,56,61,50,69,49,53,48,n/a,37,33,51,82,42,55,31,70,40,52,57,53,60,100,55,28,33,33,30,33,n/a,35,34,18
12/8/2021,73,62,66,59,72,58,67,106,69,83,86,100,69,62,51,82,67,82,n/a,95,113,73,88,97,114,84,77,37,92,75,77,67,n/a,63,61,40,67,46,74,41,65,42,52,49,53,57,53,59,49,64,48,54,52,n/a,38,34,58,75,40,50,40,64,42,54,64,53,67,99,57,30,33,32,29,33,21,36,31,19
12/9/2021,59,55,60,54,59,45,64,77,63,63,83,96,61,59,42,80,57,60,n/a,68,81,61,68,78,97,57,70,31,71,61,57,51,n/a,47,52,27,36,21,50,36,59,35,42,42,50,43,41,54,38,51,40,46,42,n/a,34,n/a,52,71,36,51,32,60,38,54,51,51,62,94,50,33,36,39,29,37,21,28,34,21
12/10/2021,63,55,53,50,58,44,57,85,65,68,76,96,64,61,44,80,56,57,n/a,72,82,53,60,71,126,47,59,25,54,48,52,36,n/a,40,44,33,42,22,27,33,49,29,35,32,40,38,42,55,40,50,31,35,34,n/a,30,26,44,55,34,50,23,52,27,43,39,45,46,67,39,35,32,33,34,33,24,30,37,22
12/11/2021,62,51,51,40,62,44,53,94,59,69,71,93,62,56,43,76,59,59,n/a,80,87,62,67,80,128,58,56,24,49,46,63,43,n/a,44,46,34,45,26,38,35,55,33,44,39,40,42,47,55,40,54,34,37,35,n/a,25,26,49,51,40,55,22,55,25,42,37,44,47,53,38,32,34,35,34,33,26,26,39,26
12/12/2021,48,39,46,43,45,38,48,89,46,52,73,75,45,49,29,62,50,52,n/a,74,89,52,61,79,108,57,63,45,56,46,58,40,n/a,41,43,29,34,30,30,35,58,38,50,42,45,41,47,52,39,59,36,40,36,n/a,27,19,45,45,36,50,24,52,26,36,37,45,47,44,39,31,37,37,29,39,26,34,37,22
12/13/2021,48,45,44,36,54,33,48,71,47,47,52,65,52,54,32,64,49,47,n/a,59,68,45,59,76,102,52,63,28,55,49,64,44,n/a,40,45,44,45,31,44,33,48,28,39,34,44,44,38,50,37,57,30,45,36,38,27,20,39,52,33,41,25,53,29,37,37,42,44,54,39,28,32,35,27,35,26,27,36,24
12/14/2021,68,77,69,50,73,58,73,90,81,75,95,107,85,75,61,94,62,71,n/a,81,95,71,66,92,121,75,69,35,63,55,74,51,n/a,n/a,45,40,46,34,49,40,48,42,53,54,58,52,53,61,43,59,38,42,36,43,30,26,45,67,30,45,24,50,33,44,40,41,51,73,43,33,34,37,26,36,26,29,33,22
12/15/2021,72,83,77,51,72,55,75,99,81,76,90,123,84,81,62,107,80,72,n/a,89,106,69,78,93,169,80,66,30,62,67,76,69,n/a,66,45,41,53,35,67,45,66,49,53,53,69,55,56,61,47,64,42,46,36,53,36,29,49,76,37,47,25,58,35,44,45,47,58,80,46,41,46,38,22,34,27,28,43,23
12/16/2021,74,73,72,55,68,56,72,105,81,82,89,104,78,74,53,102,92,75,n/a,97,116,82,85,107,188,68,71,53,64,66,82,74,n/a,53,43,31,39,38,71,51,68,60,56,53,95,65,79,74,47,83,38,41,34,54,38,25,51,63,32,38,26,52,32,43,40,37,n/a,76,46,50,44,43,24,27,29,32,52,31
12/17/2021,59,56,61,44,60,46,63,94,66,65,83,108,62,61,42,82,72,64,n/a,87,108,69,82,104,131,69,69,73,67,59,65,57,n/a,48,35,31,40,27,51,45,79,60,66,57,71,61,59,72,42,65,34,37,31,38,38,23,47,63,29,34,22,52,28,43,41,39,55,76,42,45,49,30,25,21,21,34,59,42
12/18/2021,50,45,48,33,n/a,40,51,69,51,53,55,76,55,56,36,72,60,55,n/a,68,80,62,65,93,113,63,70,84,60,49,70,49,n/a,50,44,44,39,36,43,32,56,33,46,39,46,50,46,60,43,65,33,38,36,39,40,25,48,59,33,39,25,52,34,40,45,39,53,60,50,37,40,35,40,29,19,29,40,34
12/19/2021,43,42,45,28,49,35,48,70,47,49,53,65,51,43,34,66,50,49,n/a,68,66,56,57,97,104,57,66,58,58,50,74,43,n/a,53,45,37,51,42,45,34,49,29,41,36,40,45,40,57,38,63,38,43,37,50,43,36,55,59,41,47,27,55,42,48,51,51,59,62,53,30,35,36,28,23,22,29,36,25
12/20/2021,68,72,71,50,69,55,75,91,71,77,92,90,74,67,48,95,76,76,n/a,89,97,83,84,117,170,74,81,74,94,68,86,65,n/a,59,40,50,82,53,61,43,66,43,52,46,65,56,51,n/a,55,86,37,49,42,49,44,31,51,72,38,48,31,56,42,43,49,50,63,88,53,35,42,33,28,29,19,25,36,23
12/21/2021,87,95,88,57,86,73,99,119,87,97,113,111,93,98,68,115,103,94,n/a,98,127,101,101,130,203,102,93,87,89,75,100,89,n/a,60,19,69,59,48,74,66,89,70,76,76,90,85,79,90,80,87,46,53,46,51,42,30,59,77,41,51,29,58,36,47,49,52,61,88,47,50,38,32,33,33,25,26,44,29
12/22/2021,94,108,95,75,90,78,101,134,99,105,119,126,n/a,129,74,140,143,97,n/a,109,133,103,98,156,224,108,88,84,86,80,93,79,n/a,59,21,42,47,31,68,62,94,68,78,73,127,96,94,94,72,116,54,50,48,n/a,43,35,54,79,41,52,28,58,33,49,48,59,49,87,54,46,58,30,21,27,29,25,34,25
12/23/2021,94,90,86,55,94,71,89,143,97,105,96,122,n/a,99,77,129,97,92,n/a,123,119,95,106,149,208,91,83,87,70,79,78,72,n/a,56,25,37,56,41,58,64,95,58,81,72,118,108,80,71,65,77,53,52,46,49,41,33,59,85,47,58,30,64,37,50,50,57,73,86,59,47,49,35,23,30,27,29,44,28
12/24/2021,76,70,67,50,87,55,73,129,85,81,73,107,81,70,54,111,77,69,n/a,111,95,77,94,121,229,83,84,82,60,78,86,55,n/a,63,47,51,70,50,59,51,57,32,54,41,84,66,64,59,39,58,34,53,49,59,45,35,58,99,47,57,27,66,39,49,55,57,89,88,67,40,42,32,23,28,27,32,31,27
12/25/2021,38,34,37,20,48,30,42,69,46,42,38,62,47,43,28,61,45,34,n/a,44,46,43,45,81,152,47,66,77,26,68,65,41,n/a,64,42,23,36,25,33,36,51,23,36,33,53,42,44,45,33,42,31,56,52,58,44,37,66,84,48,56,28,66,36,48,56,64,92,n/a,67,23,26,29,31,29,23,25,29,21
12/26/2021,38,30,37,26,41,31,42,73,44,44,42,55,42,33,26,58,45,36,n/a,40,44,39,38,80,91,45,49,55,24,33,53,37,n/a,41,36,15,26,14,35,32,45,24,37,29,42,43,39,51,36,42,27,57,51,46,41,31,49,43,49,54,29,56,32,45,44,45,68,59,47,24,33,30,28,n/a,27,24,35,19
12/27/2021,55,42,46,33,56,39,51,87,63,65,62,82,59,46,39,72,46,57,n/a,56,83,49,54,72,90,49,58,52,44,39,46,29,n/a,42,34,13,17,12,22,35,59,34,45,40,50,42,32,61,30,46,28,49,44,41,23,23,39,52,37,49,26,47,27,43,32,36,51,46,45,29,34,35,34,n/a,27,23,46,21
12/28/2021,39,26,31,19,41,26,38,58,41,40,42,57,41,34,24,53,39,41,n/a,46,76,42,42,61,82,43,59,51,43,29,50,26,n/a,34,34,13,24,13,20,29,46,26,33,29,37,32,26,41,24,41,25,42,39,38,33,21,38,45,33,40,23,47,25,39,31,35,53,44,43,27,32,33,36,n/a,29,24,32,23
12/29/2021,35,30,32,23,39,27,41,46,40,38,48,54,39,36,24,57,47,38,n/a,38,65,41,38,66,66,43,59,55,37,38,45,29,n/a,41,37,14,31,13,26,27,41,20,33,26,42,29,28,41,26,43,25,39,32,38,35,21,42,59,28,36,25,48,24,49,36,31,58,42,39,21,29,25,30,29,27,24,33,20
12/30/2021,40,32,35,25,36,27,40,55,42,43,48,54,42,30,24,59,41,39,n/a,32,57,38,38,63,47,36,55,45,35,32,46,26,n/a,40,29,15,26,14,18,28,36,22,28,23,40,31,28,n/a,27,40,25,35,33,35,30,22,41,42,26,33,23,44,27,38,36,35,55,36,38,20,24,33,33,25,21,24,30,28
12/31/2021,40,35,37,29,37,28,45,56,42,42,50,55,44,33,28,59,44,38,n/a,34,54,38,53,61,49,44,52,69,37,34,41,26,n/a,28,31,19,26,16,17,28,46,26,34,28,38,34,29,40,26,40,30,34,32,36,29,21,37,39,34,37,23,43,24,35,36,31,42,33,37,25,33,39,43,30,24,30,38,25
,,,,,,,,,,,,,,,,,,,,,,,,,,,,,,,,,,,,,,,,,,,,,,,,,,,,,,,,,,,,,,,,,,,,,,,,,,,,,,
???????? : N/A ???????????,,,,,,,,,,,,,,,,,,,,,,,,,,,,,,,,,,,,,,,,,,,,,,,,,,,,,,,,,,,,,,,,,,,,,,,,,,,,,,
